combo,n_blocks,dim,detector,n_seeds,auroc_mean,auroc_std,auprc_mean,auprc_std,time_s,has_cls_mean,has_cls_max,has_cls_std,has_head_entropy,has_diag_mean,has_cls_token_raw,has_cls_token_pca
cls_token_raw,1,768,LOF,1,0.9372621201722094,0.0,0.6120932239316341,0.0,0.09576296806335449,0,0,0,0,0,1,0
cls_token_raw,1,768,DeepSVDD,3,0.6210457353216449,0.02932741595211625,0.18811472694268958,0.033574156170547244,1.3169150352478027,0,0,0,0,0,1,0
cls_token_raw,1,768,ECOD,1,0.730174081237911,0.0,0.23464913583718666,0.0,3.078531503677368,0,0,0,0,0,1,0
cls_token_raw,1,768,IForest,3,0.7491316736340758,0.02596167703831858,0.24681123888147818,0.019106719229098384,0.16925708452860513,0,0,0,0,0,1,0
cls_token_raw,1,768,SO-GAAL,1,0.2854245959942597,0.0,0.07310552498808565,0.0,2.1366047859191895,0,0,0,0,0,1,0
cls_token_raw,1,768,AE,3,0.8977142738295792,0.0025733983129163133,0.4671542846136767,0.010466783775120976,1.1985079447428386,0,0,0,0,0,1,0
cls_token_raw,1,768,VAE,3,0.7603627212412386,5.302530639542783e-05,0.2552118273771628,1.8620524150887442e-05,3.281266450881958,0,0,0,0,0,1,0
cls_token_raw,1,768,LUNAR,1,0.9436575778373995,0.0,0.6315914310905973,0.0,1.3008875846862793,0,0,0,0,0,1,0
cls_token_pca,1,64,LOF,1,0.9182005365944967,0.0,0.5212860714013947,0.0,0.013501167297363281,0,0,0,0,0,0,1
cls_token_pca,1,64,DeepSVDD,3,0.6938291632869533,0.07991360523527351,0.22919760907911355,0.08311151561816253,1.362876256306966,0,0,0,0,0,0,1
cls_token_pca,1,64,ECOD,1,0.8016160229612529,0.0,0.2935884252724191,0.0,0.04002547264099121,0,0,0,0,0,0,1
cls_token_pca,1,64,IForest,3,0.811983943761569,0.01988297793974217,0.30609427372186593,0.0293416985480785,0.14525254567464194,0,0,0,0,0,0,1
cls_token_pca,1,64,SO-GAAL,1,0.5800992075871966,0.0,0.20474642633082887,0.0,0.6368329524993896,0,0,0,0,0,0,1
cls_token_pca,1,64,AE,3,0.8136582017844888,0.02315324365303003,0.31482360195510894,0.03246404601005319,1.1429203351338704,0,0,0,0,0,0,1
cls_token_pca,1,64,VAE,3,0.8229966098874816,0.00036143481202518304,0.31690586746755517,0.00029433480359309673,4.550973892211914,0,0,0,0,0,0,1
cls_token_pca,1,64,LUNAR,1,0.900230860423036,0.0,0.5120556481799515,0.0,1.1062135696411133,0,0,0,0,0,0,1
cls_mean,1,12,LOF,1,0.37831471891183627,0.0,0.08125317140793951,0.0,0.030199289321899414,1,0,0,0,0,0,0
cls_mean,1,12,DeepSVDD,3,0.43578544539423053,0.029265065023909357,0.0943300670979822,0.0064535779611202305,1.362221638361613,1,0,0,0,0,0,0
cls_mean,1,12,ECOD,1,0.5172053409870843,0.0,0.1128048334643785,0.0,3.0552098751068115,1,0,0,0,0,0,0
cls_mean,1,12,IForest,3,0.5877217611946507,0.004613910715751841,0.12360777176728316,0.001841839835688076,0.13609957695007324,1,0,0,0,0,0,0
cls_mean,1,12,SO-GAAL,1,0.3596275035876958,0.0,0.0791765540098022,0.0,0.3980090618133545,1,0,0,0,0,0,0
cls_mean,1,12,AE,3,0.5134928558058277,0.04966158295659091,0.12951727358042828,0.03109637091883331,1.2229869365692139,1,0,0,0,0,0,0
cls_mean,1,12,VAE,3,0.5102535305006136,0.007752206052972562,0.11400095708053808,0.0019143237119163218,4.546019474665324,1,0,0,0,0,0,0
cls_mean,1,12,LUNAR,1,0.5870250202782803,0.0,0.13300251355679069,0.0,1.0684659481048584,1,0,0,0,0,0,0
cls_max,1,12,LOF,1,0.575653584576028,0.0,0.14990140918033615,0.0,0.04091835021972656,0,1,0,0,0,0,0
cls_max,1,12,DeepSVDD,3,0.5350866246542293,0.032422205746960184,0.13889264235922216,0.00945621555400627,1.3764558633168538,0,1,0,0,0,0,0
cls_max,1,12,ECOD,1,0.4907967804330193,0.0,0.11118095112433696,0.0,0.02420496940612793,0,1,0,0,0,0,0
cls_max,1,12,IForest,3,0.5542210020590254,0.006754257262012155,0.1424627620208765,0.002432411764557908,0.15784716606140137,0,1,0,0,0,0,0
cls_max,1,12,SO-GAAL,1,0.40625194983465407,0.0,0.08760261335998146,0.0,0.40120410919189453,0,1,0,0,0,0,0
cls_max,1,12,AE,3,0.5533162787795595,0.0060778553269370695,0.13787139670360182,0.0016009892302113178,1.1985817750295003,0,1,0,0,0,0,0
cls_max,1,12,VAE,3,0.5737713441900127,0.0015981519602411354,0.150637188279056,0.0013325784877245596,4.542303085327148,0,1,0,0,0,0,0
cls_max,1,12,LUNAR,1,0.5730018094465589,0.0,0.1554103275692103,0.0,1.1453778743743896,0,1,0,0,0,0,0
cls_std,1,12,LOF,1,0.5343170899107756,0.0,0.14651870702734085,0.0,0.043172359466552734,0,0,1,0,0,0,0
cls_std,1,12,DeepSVDD,3,0.4863667560990828,0.051112597728667324,0.12637830145896953,0.013373727466945304,1.7395698229471843,0,0,1,0,0,0,0
cls_std,1,12,ECOD,1,0.4360766207025645,0.0,0.09279343459192947,0.0,0.02552509307861328,0,0,1,0,0,0,0
cls_std,1,12,IForest,3,0.49551798007528963,0.005479397885481215,0.11635478168445416,0.003178580557579592,0.1371776262919108,0,0,1,0,0,0,0
cls_std,1,12,SO-GAAL,1,0.3836338678480065,0.0,0.0841382336309167,0.0,0.3881034851074219,0,0,1,0,0,0,0
cls_std,1,12,AE,3,0.5188328029783075,0.021945830436644238,0.12924615187080998,0.0035171690374599064,1.3064170678456624,0,0,1,0,0,0,0
cls_std,1,12,VAE,3,0.5147043530708596,0.0030332999488577894,0.13652387868310145,0.0008106327864211382,4.543582995732625,0,0,1,0,0,0,0
cls_std,1,12,LUNAR,1,0.5545953703125975,0.0,0.14677623991820893,0.0,1.151841640472412,0,0,1,0,0,0,0
head_entropy,1,12,LOF,1,0.7014413177762525,0.0,0.2137292571266423,0.0,0.0328059196472168,0,0,0,1,0,0,0
head_entropy,1,12,DeepSVDD,3,0.5072169879994177,0.01569319616109481,0.10770994814238433,0.004621591044018189,1.6545406182607014,0,0,0,1,0,0,0
head_entropy,1,12,ECOD,1,0.48992325450801766,0.0,0.09982751072420916,0.0,0.02534174919128418,0,0,0,1,0,0,0
head_entropy,1,12,IForest,3,0.5634450198623157,0.002843849866797543,0.11501863607364367,0.0015236178729117324,0.1391913890838623,0,0,0,1,0,0,0
head_entropy,1,12,SO-GAAL,1,0.6134959755412741,0.0,0.13684660005293545,0.0,0.38350939750671387,0,0,0,1,0,0,0
head_entropy,1,12,AE,3,0.6500176785008631,0.01278734700511653,0.16516719578294858,0.007062190537259318,1.2763341267903645,0,0,0,1,0,0,0
head_entropy,1,12,VAE,3,0.5094631975208502,0.010650027263339832,0.102882913286671,0.002960357346722012,4.5651819705963135,0,0,0,1,0,0,0
head_entropy,1,12,LUNAR,1,0.6601360204654646,0.0,0.1750034660461538,0.0,1.2173421382904053,0,0,0,1,0,0,0
diag_mean,1,12,LOF,1,0.6637861109377924,0.0,0.16707259373319455,0.0,0.044310569763183594,0,0,0,0,1,0,0
diag_mean,1,12,DeepSVDD,3,0.4896008818452195,0.05126099283806539,0.11817482074737888,0.014528223598656237,1.365187168121338,0,0,0,0,1,0,0
diag_mean,1,12,ECOD,1,0.487115492606227,0.0,0.1133879991997371,0.0,0.024460315704345703,0,0,0,0,1,0,0
diag_mean,1,12,IForest,3,0.5753104136769203,0.009424527497854386,0.14918861193976354,0.00844628598230546,0.13295594851175943,0,0,0,0,1,0,0
diag_mean,1,12,SO-GAAL,1,0.32701066949522684,0.0,0.07663627072391431,0.0,0.32507872581481934,0,0,0,0,1,0,0
diag_mean,1,12,AE,3,0.6535637777916433,0.016813344916053026,0.18135913992923944,0.010459246880446211,1.2634395758310955,0,0,0,0,1,0,0
diag_mean,1,12,VAE,3,0.5945383831451093,0.013273422354863092,0.14920095882481207,0.01040417771877284,4.547060251235962,0,0,0,0,1,0,0
diag_mean,1,12,LUNAR,1,0.7076495913146565,0.0,0.22607493123730604,0.0,1.1468102931976318,0,0,0,0,1,0,0
cls_mean+cls_max,2,24,LOF,1,0.5626442877643975,0.0,0.14411476680447755,0.0,0.011677265167236328,1,1,0,0,0,0,0
cls_mean+cls_max,2,24,DeepSVDD,3,0.5206838460098583,0.02467639087033642,0.11303660104820434,0.006433562303140827,1.449310302734375,1,1,0,0,0,0,0
cls_mean+cls_max,2,24,ECOD,1,0.5038684719535784,0.0,0.1061321886758645,0.0,2.994006633758545,1,1,0,0,0,0,0
cls_mean+cls_max,2,24,IForest,3,0.6210353362034899,0.0020900416620947405,0.13798834930991744,0.0003492787570676511,0.13177895545959473,1,1,0,0,0,0,0
cls_mean+cls_max,2,24,SO-GAAL,1,0.3904816871529294,0.0,0.08660567219759574,0.0,0.3781125545501709,1,1,0,0,0,0,0
cls_mean+cls_max,2,24,AE,3,0.5699444687090535,0.006097626481408065,0.14057375003190434,0.004738756617419522,1.2220510641733806,1,1,0,0,0,0,0
cls_mean+cls_max,2,24,VAE,3,0.5678646450780973,0.0013339276019580719,0.13514146231553037,0.00021473519161917303,4.5429136753082275,1,1,0,0,0,0,0
cls_mean+cls_max,2,24,LUNAR,1,0.5694765083920883,0.0,0.15057946525904786,0.0,1.1132197380065918,1,1,0,0,0,0,0
cls_mean+cls_std,2,24,LOF,1,0.5104823111000187,0.0,0.12576371581124768,0.0,0.01121211051940918,1,0,1,0,0,0,0
cls_mean+cls_std,2,24,DeepSVDD,3,0.49077598219670976,0.02255716631080859,0.10392395600781705,0.004835190766725423,1.3443721930185955,1,0,1,0,0,0,0
cls_mean+cls_std,2,24,ECOD,1,0.4810632058401448,0.0,0.10081227401829776,0.0,0.025982141494750977,1,0,1,0,0,0,0
cls_mean+cls_std,2,24,IForest,3,0.5976997150641626,0.0013580308694222877,0.12862475880357457,0.0002664694417657,0.13271633783976236,1,0,1,0,0,0,0
cls_mean+cls_std,2,24,SO-GAAL,1,0.36809758532476444,0.0,0.07950722809173706,0.0,0.6383683681488037,1,0,1,0,0,0,0
cls_mean+cls_std,2,24,AE,3,0.534389883737859,0.014648463751350009,0.13239914733136401,0.005297224715414357,1.280823787053426,1,0,1,0,0,0,0
cls_mean+cls_std,2,24,VAE,3,0.5256962209604625,0.0015328737565931136,0.12249720987473094,0.0004139105756851674,4.5425193309783936,1,0,1,0,0,0,0
cls_mean+cls_std,2,24,LUNAR,1,0.5759967554751357,0.0,0.1609711845674596,0.0,1.0991733074188232,1,0,1,0,0,0,0
cls_mean+head_entropy,2,24,LOF,1,0.6388594247207837,0.0,0.15488697270733914,0.0,0.01065826416015625,1,0,0,1,0,0,0
cls_mean+head_entropy,2,24,DeepSVDD,3,0.47791227303924627,0.05834856698757909,0.10427806400154056,0.013953413016367362,1.3806106249491374,1,0,0,1,0,0,0
cls_mean+head_entropy,2,24,ECOD,1,0.49482123915891935,0.0,0.10339745993645696,0.0,0.0261538028717041,1,0,0,1,0,0,0
cls_mean+head_entropy,2,24,IForest,3,0.5970237723841019,0.0070187807796540935,0.12622701140988948,0.0021091392807972118,0.14220364888509116,1,0,0,1,0,0,0
cls_mean+head_entropy,2,24,SO-GAAL,1,0.4823578960504149,0.0,0.11221371736642238,0.0,0.36936354637145996,1,0,0,1,0,0,0
cls_mean+head_entropy,2,24,AE,3,0.5967949917846965,0.01706821933465256,0.12869813379831876,0.006770929240094644,1.2113985220591228,1,0,0,1,0,0,0
cls_mean+head_entropy,2,24,VAE,3,0.49336536261725006,0.015395830333488089,0.10101406719148853,0.004073256979440073,4.548161029815674,1,0,0,1,0,0,0
cls_mean+head_entropy,2,24,LUNAR,1,0.6809446558931803,0.0,0.17745020660412503,0.0,1.080733060836792,1,0,0,1,0,0,0
cls_mean+diag_mean,2,24,LOF,1,0.683846009858364,0.0,0.18732805375836947,0.0,0.011898279190063477,1,0,0,0,1,0,0
cls_mean+diag_mean,2,24,DeepSVDD,3,0.46470539298267505,0.09316840926943874,0.10426897704097861,0.02704405320178536,1.4552148977915447,1,0,0,0,1,0,0
cls_mean+diag_mean,2,24,ECOD,1,0.4939789105883821,0.0,0.10694733114010019,0.0,0.02636885643005371,1,0,0,0,1,0,0
cls_mean+diag_mean,2,24,IForest,3,0.6014329984817288,0.010284228390864679,0.13084225392424853,0.0037463031502815137,0.13825448354085287,1,0,0,0,1,0,0
cls_mean+diag_mean,2,24,SO-GAAL,1,0.2909933237661446,0.0,0.07181069771779472,0.0,0.41472697257995605,1,0,0,0,1,0,0
cls_mean+diag_mean,2,24,AE,3,0.6518583224142592,0.010352958011457618,0.19099761113283562,0.011539368134099138,1.3232539494832356,1,0,0,0,1,0,0
cls_mean+diag_mean,2,24,VAE,3,0.5733241821093572,0.009581409101125796,0.12723712985391825,0.0047930411272659275,4.560967842737834,1,0,0,0,1,0,0
cls_mean+diag_mean,2,24,LUNAR,1,0.6935795844512386,0.0,0.22107170026381057,0.0,1.0641169548034668,1,0,0,0,1,0,0
cls_max+cls_std,2,24,LOF,1,0.5481063205840145,0.0,0.14740179818093524,0.0,0.01136326789855957,0,1,1,0,0,0,0
cls_max+cls_std,2,24,DeepSVDD,3,0.5029533495559576,0.03505348531631602,0.12293139987704561,0.008667619075232528,1.1997116406758626,0,1,1,0,0,0,0
cls_max+cls_std,2,24,ECOD,1,0.4578211767642104,0.0,0.10008614137706263,0.0,0.02573537826538086,0,1,1,0,0,0,0
cls_max+cls_std,2,24,IForest,3,0.5302094382396373,0.0070161147809194874,0.13034406458895578,0.0005113522862418968,0.15058239301045737,0,1,1,0,0,0,0
cls_max+cls_std,2,24,SO-GAAL,1,0.4720783677544144,0.0,0.0976564009949138,0.0,0.34285998344421387,0,1,1,0,0,0,0
cls_max+cls_std,2,24,AE,3,0.5478879391027641,0.006213262065767706,0.13288467270726223,0.0015465690003164752,1.1885289351145427,0,1,1,0,0,0,0
cls_max+cls_std,2,24,VAE,3,0.550550113350388,0.0019267295735144881,0.14378301190096007,0.00031305952410478445,4.541606664657593,0,1,1,0,0,0,0
cls_max+cls_std,2,24,LUNAR,1,0.5652648655394024,0.0,0.1563073493249254,0.0,1.0903093814849854,0,1,1,0,0,0,0
cls_max+head_entropy,2,24,LOF,1,0.5725338491295938,0.0,0.15921051956542348,0.0,0.011701107025146484,0,1,0,1,0,0,0
cls_max+head_entropy,2,24,DeepSVDD,3,0.5326532310060107,0.0405075860507212,0.12833504127338677,0.019014603044032945,1.3625506560007732,0,1,0,1,0,0,0
cls_max+head_entropy,2,24,ECOD,1,0.48596119049104636,0.0,0.0995592449505338,0.0,0.02550959587097168,0,1,0,1,0,0,0
cls_max+head_entropy,2,24,IForest,3,0.5628418710093384,0.005260268283783528,0.12408106663907352,0.0016772173827465475,0.1518091360727946,0,1,0,1,0,0,0
cls_max+head_entropy,2,24,SO-GAAL,1,0.5039464653397393,0.0,0.10694144913053434,0.0,0.3542485237121582,0,1,0,1,0,0,0
cls_max+head_entropy,2,24,AE,3,0.5695701004554814,0.004049491918255529,0.13824299150738678,0.0016918997696829296,1.1818305651346843,0,1,0,1,0,0,0
cls_max+head_entropy,2,24,VAE,3,0.5547409579667645,0.0012230353302126785,0.14072179749181782,0.003992279976476207,4.540067990620931,0,1,0,1,0,0,0
cls_max+head_entropy,2,24,LUNAR,1,0.6179259998752106,0.0,0.1670722727138458,0.0,1.0840075016021729,0,1,0,1,0,0,0
cls_max+diag_mean,2,24,LOF,1,0.6213265115118237,0.0,0.1592942088265274,0.0,0.011733293533325195,0,1,0,0,1,0,0
cls_max+diag_mean,2,24,DeepSVDD,3,0.5099311578378153,0.07972798060843209,0.14972955418395015,0.03172195791956971,1.3324610392252605,0,1,0,0,1,0,0
cls_max+diag_mean,2,24,ECOD,1,0.48605478255443935,0.0,0.11035356832719649,0.0,0.025275707244873047,0,1,0,0,1,0,0
cls_max+diag_mean,2,24,IForest,3,0.5699964642998275,0.002645507862045145,0.1598628535726096,0.00504981184145286,0.1527863343556722,0,1,0,0,1,0,0
cls_max+diag_mean,2,24,SO-GAAL,1,0.4006832220627691,0.0,0.0842070589357283,0.0,0.40755176544189453,0,1,0,0,1,0,0
cls_max+diag_mean,2,24,AE,3,0.617052473950209,0.005892254504437765,0.15793447339777753,0.004856669948717314,1.1723187764485676,0,1,0,0,1,0,0
cls_max+diag_mean,2,24,VAE,3,0.5869366277739648,0.002455733642350453,0.15219567890036986,0.0011935400283250614,4.539085467656453,0,1,0,0,1,0,0
cls_max+diag_mean,2,24,LUNAR,1,0.6522118924315219,0.0,0.18690898253164162,0.0,1.2729816436767578,0,1,0,0,1,0,0
cls_std+head_entropy,2,24,LOF,1,0.5185000311973544,0.0,0.126611194918317,0.0,0.011232137680053711,0,0,1,1,0,0,0
cls_std+head_entropy,2,24,DeepSVDD,3,0.5103055260913875,0.05157613929004277,0.1247443248011344,0.022265079010862106,1.3741545677185059,0,0,1,1,0,0,0
cls_std+head_entropy,2,24,ECOD,1,0.46474698945529425,0.0,0.09553854576225101,0.0,0.025395631790161133,0,0,1,1,0,0,0
cls_std+head_entropy,2,24,IForest,3,0.5381959609825087,0.007111187384419507,0.11394721405918744,0.0010122355629071224,0.14710068702697754,0,0,1,1,0,0,0
cls_std+head_entropy,2,24,SO-GAAL,1,0.49603793598302864,0.0,0.10464381668563297,0.0,0.5201380252838135,0,0,1,1,0,0,0
cls_std+head_entropy,2,24,AE,3,0.5459121066533558,0.017966757200410854,0.1337054041427106,0.010793242043218526,1.1958231925964355,0,0,1,1,0,0,0
cls_std+head_entropy,2,24,VAE,3,0.49670347954493455,0.002274960106807977,0.12214451437427325,0.001036172231190392,4.551716725031535,0,0,1,1,0,0,0
cls_std+head_entropy,2,24,LUNAR,1,0.604261558619829,0.0,0.16151495274971556,0.0,1.0847246646881104,0,0,1,1,0,0,0
cls_std+diag_mean,2,24,LOF,1,0.6065701628501903,0.0,0.14222091091972727,0.0,0.01171875,0,0,1,0,1,0,0
cls_std+diag_mean,2,24,DeepSVDD,3,0.5096503816476363,0.06930819477630726,0.15659990375193186,0.040552022057832406,1.6467906634012859,0,0,1,0,1,0,0
cls_std+diag_mean,2,24,ECOD,1,0.44786922069008556,0.0,0.10136660439356879,0.0,0.026287317276000977,0,0,1,0,1,0,0
cls_std+diag_mean,2,24,IForest,3,0.5340259146024416,0.01624413490171367,0.14021447378914353,0.004755269422617892,0.16361435254414877,0,0,1,0,1,0,0
cls_std+diag_mean,2,24,SO-GAAL,1,0.36547700754975976,0.0,0.07901714552346321,0.0,0.4095008373260498,0,0,1,0,1,0,0
cls_std+diag_mean,2,24,AE,3,0.6168756889415777,0.008610859162321037,0.15807368721886048,0.007087097245060636,1.3138473828633626,0,0,1,0,1,0,0
cls_std+diag_mean,2,24,VAE,3,0.5609076350325493,0.008596039639440166,0.14626839499975122,0.004895719989738795,4.582396825154622,0,0,1,0,1,0,0
cls_std+diag_mean,2,24,LUNAR,1,0.6504024458725901,0.0,0.1874884500330371,0.0,1.076829433441162,0,0,1,0,1,0,0
head_entropy+diag_mean,2,24,LOF,1,0.7069008548075123,0.0,0.2025887930204203,0.0,0.01158452033996582,0,0,0,1,1,0,0
head_entropy+diag_mean,2,24,DeepSVDD,3,0.48902893034670664,0.10743338075371645,0.11407711080507654,0.03798584105325065,1.291899601618449,0,0,0,1,1,0,0
head_entropy+diag_mean,2,24,ECOD,1,0.4873026767330131,0.0,0.1012625720973145,0.0,0.025814056396484375,0,0,0,1,1,0,0
head_entropy+diag_mean,2,24,IForest,3,0.562862669245648,0.014713513796684468,0.11805100717331395,0.0031331266125911392,0.1475048859914144,0,0,0,1,1,0,0
head_entropy+diag_mean,2,24,SO-GAAL,1,0.4218662257440569,0.0,0.09077801676475003,0.0,0.3630409240722656,0,0,0,1,1,0,0
head_entropy+diag_mean,2,24,AE,3,0.6523262827312243,0.01644473156678575,0.18457853018526926,0.017247277178792517,1.3319610754648845,0,0,0,1,1,0,0
head_entropy+diag_mean,2,24,VAE,3,0.5740001247894179,0.0027598640487423174,0.12677509967069647,0.002307258152412425,4.545033931732178,0,0,0,1,1,0,0
head_entropy+diag_mean,2,24,LUNAR,1,0.7129531415735947,0.0,0.21168079806420073,0.0,1.075068712234497,0,0,0,1,1,0,0
cls_mean+cls_max+cls_std,3,36,LOF,1,0.5407749422848942,0.0,0.13616943199854314,0.0,0.014733076095581055,1,1,1,0,0,0,0
cls_mean+cls_max+cls_std,3,36,DeepSVDD,3,0.5312597491732701,0.04512721496748592,0.11732389032310937,0.013651422347246854,1.433886448542277,1,1,1,0,0,0,0
cls_mean+cls_max+cls_std,3,36,ECOD,1,0.4760404317713857,0.0,0.09817864733803515,0.0,0.03698015213012695,1,1,1,0,0,0,0
cls_mean+cls_max+cls_std,3,36,IForest,3,0.5987396268796407,0.003214488366729855,0.1321720180703411,0.0014717526242691526,0.14159560203552246,1,1,1,0,0,0,0
cls_mean+cls_max+cls_std,3,36,SO-GAAL,1,0.3775035876957634,0.0,0.08051339408792024,0.0,0.42240452766418457,1,1,1,0,0,0,0
cls_mean+cls_max+cls_std,3,36,AE,3,0.5699028722364344,0.013155332483416774,0.13621669240485992,0.005323382513046149,1.1921446323394775,1,1,1,0,0,0,0
cls_mean+cls_max+cls_std,3,36,VAE,3,0.5519643934194381,0.0031194581242906996,0.14056095518734832,0.0012331695762573818,4.543508688608806,1,1,1,0,0,0,0
cls_mean+cls_max+cls_std,3,36,LUNAR,1,0.5736569538903101,0.0,0.15084889344656344,0.0,1.0986318588256836,1,1,1,0,0,0,0
cls_mean+cls_max+head_entropy,3,36,LOF,1,0.5579022898858176,0.0,0.144735174326548,0.0,0.011933326721191406,1,1,0,1,0,0,0
cls_mean+cls_max+head_entropy,3,36,DeepSVDD,3,0.5425115950167426,0.021313088429344443,0.1183145229407948,0.006531242875459418,1.2676843802134197,1,1,0,1,0,0,0
cls_mean+cls_max+head_entropy,3,36,ECOD,1,0.4919510825481999,0.0,0.10235806612950518,0.0,1.2409558296203613,1,1,0,1,0,0,0
cls_mean+cls_max+head_entropy,3,36,IForest,3,0.6103762400948399,0.008503134511518413,0.13433056011002298,0.0024939073843831846,0.13806398709615073,1,1,0,1,0,0,0
cls_mean+cls_max+head_entropy,3,36,SO-GAAL,1,0.4259530791788857,0.0,0.09593369286836217,0.0,0.45607852935791016,1,1,0,1,0,0,0
cls_mean+cls_max+head_entropy,3,36,AE,3,0.5773070443626381,0.005951476282522737,0.14418466764359195,0.006898421486118659,1.2632722854614258,1,1,0,1,0,0,0
cls_mean+cls_max+head_entropy,3,36,VAE,3,0.5421476258813253,0.006454812302763893,0.12590508120853713,0.001296314131053165,4.556241353352864,1,1,0,1,0,0,0
cls_mean+cls_max+head_entropy,3,36,LUNAR,1,0.6162101453796718,0.0,0.16275106589941304,0.0,1.120666265487671,1,1,0,1,0,0,0
cls_mean+cls_max+diag_mean,3,36,LOF,1,0.625818930554689,0.0,0.15679613335747555,0.0,0.012194633483886719,1,1,0,0,1,0,0
cls_mean+cls_max+diag_mean,3,36,DeepSVDD,3,0.5271832948565961,0.009117257450945482,0.1177415516684781,0.0066347870401123835,1.286504824956258,1,1,0,0,1,0,0
cls_mean+cls_max+diag_mean,3,36,ECOD,1,0.4906719910151619,0.0,0.10487659047916435,0.0,0.02946305274963379,1,1,0,0,1,0,0
cls_mean+cls_max+diag_mean,3,36,IForest,3,0.6050102951269732,0.006927545660631982,0.13726839156310336,0.001161785400866555,0.1369605859120687,1,1,0,0,1,0,0
cls_mean+cls_max+diag_mean,3,36,SO-GAAL,1,0.27968428277282087,0.0,0.06994276092773978,0.0,0.45565009117126465,1,1,0,0,1,0,0
cls_mean+cls_max+diag_mean,3,36,AE,3,0.6318816164389259,0.0017212975212796248,0.16749493389826453,0.006435871460684586,1.2276684443155925,1,1,0,0,1,0,0
cls_mean+cls_max+diag_mean,3,36,VAE,3,0.5733137829912023,0.008061402832665711,0.14066377587777268,0.004874969301458395,4.560282548268636,1,1,0,0,1,0,0
cls_mean+cls_max+diag_mean,3,36,LUNAR,1,0.6574530479815313,0.0,0.19777248186765858,0.0,1.0953562259674072,1,1,0,0,1,0,0
cls_mean+cls_std+head_entropy,3,36,LOF,1,0.5060210894116179,0.0,0.12616026438636674,0.0,0.01260828971862793,1,0,1,1,0,0,0
cls_mean+cls_std+head_entropy,3,36,DeepSVDD,3,0.5262161768682017,0.022491328525684782,0.11339350262789437,0.0054114021759965,1.2915774981180828,1,0,1,1,0,0,0
cls_mean+cls_std+head_entropy,3,36,ECOD,1,0.48056404816871523,0.0,0.09988703792740203,0.0,0.02893996238708496,1,0,1,1,0,0,0
cls_mean+cls_std+head_entropy,3,36,IForest,3,0.5975645265281504,0.0029895610881675826,0.12876236296226515,0.0009473880389955141,0.14087533950805664,1,0,1,1,0,0,0
cls_mean+cls_std+head_entropy,3,36,SO-GAAL,1,0.4559649341735821,0.0,0.102846094845851,0.0,0.6025757789611816,1,0,1,1,0,0,0
cls_mean+cls_std+head_entropy,3,36,AE,3,0.5546889623759904,0.011531970312160317,0.13189156435212157,0.005752520943586879,1.1636346975962322,1,0,1,1,0,0,0
cls_mean+cls_std+head_entropy,3,36,VAE,3,0.5086104698321582,0.004962046862653017,0.11613101460200093,0.0008758874309378023,4.546369473139445,1,0,1,1,0,0,0
cls_mean+cls_std+head_entropy,3,36,LUNAR,1,0.619704249079678,0.0,0.16937604416206692,0.0,1.200768232345581,1,0,1,1,0,0,0
cls_mean+cls_std+diag_mean,3,36,LOF,1,0.6075372808385849,0.0,0.1505102572267475,0.0,0.012003660202026367,1,0,1,0,1,0,0
cls_mean+cls_std+diag_mean,3,36,DeepSVDD,3,0.5162122252033028,0.014876795396156004,0.1155296652737105,0.0046610313114651535,1.6498765150705974,1,0,1,0,1,0,0
cls_mean+cls_std+diag_mean,3,36,ECOD,1,0.47395020902227497,0.0,0.1009341361654244,0.0,0.028570175170898438,1,0,1,0,1,0,0
cls_mean+cls_std+diag_mean,3,36,IForest,3,0.5937792475198104,0.005794819365790981,0.1303888824916823,0.0029528313261268408,0.13825766245524088,1,0,1,0,1,0,0
cls_mean+cls_std+diag_mean,3,36,SO-GAAL,1,0.2640232108317215,0.0,0.06888247318807834,0.0,0.3635075092315674,1,0,1,0,1,0,0
cls_mean+cls_std+diag_mean,3,36,AE,3,0.6073188993573345,0.005064616099816651,0.15792661181319784,0.004674133857759778,1.3129175504048665,1,0,1,0,1,0,0
cls_mean+cls_std+diag_mean,3,36,VAE,3,0.5501653459786611,0.005651975725990169,0.13652421079043606,0.002222029273416703,4.545827229817708,1,0,1,0,1,0,0
cls_mean+cls_std+diag_mean,3,36,LUNAR,1,0.6667186622574406,0.0,0.2048236432039584,0.0,1.0900599956512451,1,0,1,0,1,0,0
cls_mean+head_entropy+diag_mean,3,36,LOF,1,0.7025332251825046,0.0,0.20198930782624253,0.0,0.012090206146240234,1,0,0,1,1,0,0
cls_mean+head_entropy+diag_mean,3,36,DeepSVDD,3,0.5716811214409018,0.02130302439983232,0.1264852843870394,0.004839665202674045,1.387717644373576,1,0,0,1,1,0,0
cls_mean+head_entropy+diag_mean,3,36,ECOD,1,0.49151431958569913,0.0,0.10312191447618262,0.0,0.026187658309936523,1,0,0,1,1,0,0
cls_mean+head_entropy+diag_mean,3,36,IForest,3,0.5981676753811277,0.006439682780398708,0.12912513667322198,0.002807308240698012,0.1638611157735189,1,0,0,1,1,0,0
cls_mean+head_entropy+diag_mean,3,36,SO-GAAL,1,0.4530479815311662,0.0,0.10182238849724218,0.0,0.4373311996459961,1,0,0,1,1,0,0
cls_mean+head_entropy+diag_mean,3,36,AE,3,0.6651483954160687,0.004349790895717902,0.19569469008634807,0.008261244590292897,1.3202186425526936,1,0,0,1,1,0,0
cls_mean+head_entropy+diag_mean,3,36,VAE,3,0.5655872382022005,0.0040585614598928395,0.12098646610271123,0.001248357689417961,4.624384005864461,1,0,0,1,1,0,0
cls_mean+head_entropy+diag_mean,3,36,LUNAR,1,0.7086167093030511,0.0,0.22147289269374115,0.0,1.0961644649505615,1,0,0,1,1,0,0
cls_max+cls_std+head_entropy,3,36,LOF,1,0.5404941660947151,0.0,0.14682425350704198,0.0,0.012470483779907227,0,1,1,1,0,0,0
cls_max+cls_std+head_entropy,3,36,DeepSVDD,3,0.5244691250181984,0.027596363821108208,0.1236742452905471,0.00483665950880039,1.330583095550537,0,1,1,1,0,0,0
cls_max+cls_std+head_entropy,3,36,ECOD,1,0.46455980532850816,0.0,0.09542451128207288,0.0,0.028350114822387695,0,1,1,1,0,0,0
cls_max+cls_std+head_entropy,3,36,IForest,3,0.5546473659033714,0.006284664705694477,0.12658629167995952,0.0018925799138781747,0.13623793919881186,0,1,1,1,0,0,0
cls_max+cls_std+head_entropy,3,36,SO-GAAL,1,0.5000467960316965,0.0,0.10607069603809982,0.0,0.36325931549072266,0,1,1,1,0,0,0
cls_max+cls_std+head_entropy,3,36,AE,3,0.5719307002766166,0.009061004133373787,0.14027591898091707,0.010007355387521505,1.3302853107452393,0,1,1,1,0,0,0
cls_max+cls_std+head_entropy,3,36,VAE,3,0.5352322123083962,0.0025224668276842476,0.13634344578603977,0.004623201304303595,4.555906057357788,0,1,1,1,0,0,0
cls_max+cls_std+head_entropy,3,36,LUNAR,1,0.5989268110064266,0.0,0.16385903452047557,0.0,1.064063310623169,0,1,1,1,0,0,0
cls_max+cls_std+diag_mean,3,36,LOF,1,0.5838272914456855,0.0,0.14922748517198908,0.0,0.011783599853515625,0,1,1,0,1,0,0
cls_max+cls_std+diag_mean,3,36,DeepSVDD,3,0.5179696761714606,0.023771660792579974,0.1258387171126358,0.014505918358372186,1.3399877548217773,0,1,1,0,1,0,0
cls_max+cls_std+diag_mean,3,36,ECOD,1,0.46066013602046546,0.0,0.1027348838516991,0.0,0.026328563690185547,0,1,1,0,1,0,0
cls_max+cls_std+diag_mean,3,36,IForest,3,0.5427299764979929,0.011102089970268184,0.14384026636152913,0.008861638278124459,0.156526247660319,0,1,1,0,1,0,0
cls_max+cls_std+diag_mean,3,36,SO-GAAL,1,0.3795470144131778,0.0,0.08082946237474388,0.0,0.43402528762817383,0,1,1,0,1,0,0
cls_max+cls_std+diag_mean,3,36,AE,3,0.6198290384975355,0.012892197424800517,0.15787455217625856,0.011157707345488488,1.3156766096750896,0,1,1,0,1,0,0
cls_max+cls_std+diag_mean,3,36,VAE,3,0.5639545766519,0.007768245669736182,0.14540268391632996,0.002677315009178182,4.56608788172404,0,1,1,0,1,0,0
cls_max+cls_std+diag_mean,3,36,LUNAR,1,0.6431022649279341,0.0,0.1800844388112641,0.0,1.0717082023620605,0,1,1,0,1,0,0
cls_max+head_entropy+diag_mean,3,36,LOF,1,0.6447245273600799,0.0,0.17214989525471147,0.0,0.012178421020507812,0,1,0,1,1,0,0
cls_max+head_entropy+diag_mean,3,36,DeepSVDD,3,0.584128865872174,0.03389861462966506,0.1429374014097406,0.014318100401999276,1.343505064646403,0,1,0,1,1,0,0
cls_max+head_entropy+diag_mean,3,36,ECOD,1,0.4845573095401509,0.0,0.10099684260567782,0.0,0.026085853576660156,0,1,0,1,1,0,0
cls_max+head_entropy+diag_mean,3,36,IForest,3,0.5751440277864437,0.02481757336615748,0.13178970448081437,0.012172076675981348,0.15965851147969565,0,1,0,1,1,0,0
cls_max+head_entropy+diag_mean,3,36,SO-GAAL,1,0.3862856429774755,0.0,0.08368728191040156,0.0,0.36234593391418457,0,1,0,1,1,0,0
cls_max+head_entropy+diag_mean,3,36,AE,3,0.6465755703916308,0.0049074363003216055,0.17039342514561273,0.00913966356590006,1.3308507601420085,0,1,0,1,1,0,0
cls_max+head_entropy+diag_mean,3,36,VAE,3,0.5809883321894304,0.00637531252111698,0.13925166902781214,0.0014065842177156712,4.550625403722127,0,1,0,1,1,0,0
cls_max+head_entropy+diag_mean,3,36,LUNAR,1,0.6760466712422787,0.0,0.1997548844049626,0.0,1.0832929611206055,0,1,0,1,1,0,0
cls_std+head_entropy+diag_mean,3,36,LOF,1,0.6272540088600487,0.0,0.15450746798540738,0.0,0.01172327995300293,0,0,1,1,1,0,0
cls_std+head_entropy+diag_mean,3,36,DeepSVDD,3,0.5739273309623344,0.023869766218239385,0.14094241063876609,0.013949963253714255,1.2578723430633545,0,0,1,1,1,0,0
cls_std+head_entropy+diag_mean,3,36,ECOD,1,0.46658763336869036,0.0,0.09767533709259613,0.0,0.02789926528930664,0,0,1,1,1,0,0
cls_std+head_entropy+diag_mean,3,36,IForest,3,0.5482311100018719,0.016508815421126283,0.12150646728778584,0.006233962328110474,0.1373561223347982,0,0,1,1,1,0,0
cls_std+head_entropy+diag_mean,3,36,SO-GAAL,1,0.39773507206588876,0.0,0.08566395887741138,0.0,0.5309860706329346,0,0,1,1,1,0,0
cls_std+head_entropy+diag_mean,3,36,AE,3,0.628137933903205,0.0037709961278022956,0.16683798513717527,0.0063372161271023205,1.321712891260783,0,0,1,1,1,0,0
cls_std+head_entropy+diag_mean,3,36,VAE,3,0.5512676525030678,0.004063035407296892,0.1364822833555114,0.004781201830833937,4.547173579533895,0,0,1,1,1,0,0
cls_std+head_entropy+diag_mean,3,36,LUNAR,1,0.6726461596056654,0.0,0.1997364094069555,0.0,1.082979679107666,0,0,1,1,1,0,0
cls_mean+cls_max+cls_std+head_entropy,4,48,LOF,1,0.5317277094902353,0.0,0.14497235576854844,0.0,0.012659549713134766,1,1,1,1,0,0,0
cls_mean+cls_max+cls_std+head_entropy,4,48,DeepSVDD,3,0.5168049749381253,0.040108202954865176,0.1181668935910894,0.005088998910367439,1.7411398887634277,1,1,1,1,0,0,0
cls_mean+cls_max+cls_std+head_entropy,4,48,ECOD,1,0.47900418044549825,0.0,0.09898677791997684,0.0,0.030475139617919922,1,1,1,1,0,0,0
cls_mean+cls_max+cls_std+head_entropy,4,48,IForest,3,0.5824546078492544,0.0014023780516000115,0.12562207761458008,0.0015184279312533526,0.14224982261657715,1,1,1,1,0,0,0
cls_mean+cls_max+cls_std+head_entropy,4,48,SO-GAAL,1,0.41224184189180757,0.0,0.08800232558153481,0.0,0.36747002601623535,1,1,1,1,0,0,0
cls_mean+cls_max+cls_std+head_entropy,4,48,AE,3,0.5469312202325242,0.011033763296064866,0.12622124047129216,0.0018572417870884902,1.161760965983073,1,1,1,1,0,0,0
cls_mean+cls_max+cls_std+head_entropy,4,48,VAE,3,0.5396206401697136,0.004159205275908855,0.13677345203308788,0.001232729998642211,4.545135418574016,1,1,1,1,0,0,0
cls_mean+cls_max+cls_std+head_entropy,4,48,LUNAR,1,0.603076059150184,0.0,0.16267703803726313,0.0,1.1063008308410645,1,1,1,1,0,0,0
cls_mean+cls_max+cls_std+diag_mean,4,48,LOF,1,0.5944343919635615,0.0,0.1462771026687959,0.0,0.014282703399658203,1,1,1,0,1,0,0
cls_mean+cls_max+cls_std+diag_mean,4,48,DeepSVDD,3,0.542677980907219,0.03303531256619136,0.12493800834673417,0.016662435467004955,1.1747241020202637,1,1,1,0,1,0,0
cls_mean+cls_max+cls_std+diag_mean,4,48,ECOD,1,0.4725151307169152,0.0,0.09986943574015433,0.0,0.027348041534423828,1,1,1,0,1,0,0
cls_mean+cls_max+cls_std+diag_mean,4,48,IForest,3,0.5854391547596763,0.010284890832888081,0.1293574147049564,0.0048713813966079446,0.13867974281311035,1,1,1,0,1,0,0
cls_mean+cls_max+cls_std+diag_mean,4,48,SO-GAAL,1,0.4292911961065702,0.0,0.09507826768808433,0.0,0.38318419456481934,1,1,1,0,1,0,0
cls_mean+cls_max+cls_std+diag_mean,4,48,AE,3,0.6001227095942264,0.009596633932833346,0.1512688020180351,0.006458377014294584,1.20826522509257,1,1,1,0,1,0,0
cls_mean+cls_max+cls_std+diag_mean,4,48,VAE,3,0.5561032424450406,0.0024807074016788594,0.13488950534940372,0.0011178595193227113,4.547046979268392,1,1,1,0,1,0,0
cls_mean+cls_max+cls_std+diag_mean,4,48,LUNAR,1,0.6473763024895489,0.0,0.18258207111425168,0.0,1.050278902053833,1,1,1,0,1,0,0
cls_mean+cls_max+head_entropy+diag_mean,4,48,LOF,1,0.6441005802707931,0.0,0.16335488863506137,0.0,0.016596078872680664,1,1,0,1,1,0,0
cls_mean+cls_max+head_entropy+diag_mean,4,48,DeepSVDD,3,0.5470976061230007,0.05518873630979028,0.11867363341233388,0.011685499277744867,1.2564470767974854,1,1,0,1,1,0,0
cls_mean+cls_max+head_entropy+diag_mean,4,48,ECOD,1,0.4912023460410558,0.0,0.10298433954465512,0.0,0.02769756317138672,1,1,0,1,1,0,0
cls_mean+cls_max+head_entropy+diag_mean,4,48,IForest,3,0.5945591813814189,0.006179491668407013,0.12952869795532687,0.0009684514786407701,0.14041948318481445,1,1,0,1,1,0,0
cls_mean+cls_max+head_entropy+diag_mean,4,48,SO-GAAL,1,0.42024396331191116,0.0,0.09433354295721644,0.0,0.44045042991638184,1,1,0,1,1,0,0
cls_mean+cls_max+head_entropy+diag_mean,4,48,AE,3,0.628325118029991,0.007777149999075714,0.16434018022395966,0.00769952100682902,1.15909210840861,1,1,0,1,1,0,0
cls_mean+cls_max+head_entropy+diag_mean,4,48,VAE,3,0.5635594101620183,0.004959779793722619,0.13727406433384978,0.0032739335078236123,4.5476023356119795,1,1,0,1,1,0,0
cls_mean+cls_max+head_entropy+diag_mean,4,48,LUNAR,1,0.6675453921507456,0.0,0.19638322563179006,0.0,1.1464171409606934,1,1,0,1,1,0,0
cls_mean+cls_std+head_entropy+diag_mean,4,48,LOF,1,0.616958881886816,0.0,0.15446401034134966,0.0,0.019813060760498047,1,0,1,1,1,0,0
cls_mean+cls_std+head_entropy+diag_mean,4,48,DeepSVDD,3,0.5331315904411306,0.05805512219189675,0.11426226801114177,0.01291116871174972,1.150702714920044,1,0,1,1,1,0,0
cls_mean+cls_std+head_entropy+diag_mean,4,48,ECOD,1,0.47906657515442697,0.0,0.10040907066302932,0.0,0.027350425720214844,1,0,1,1,1,0,0
cls_mean+cls_std+head_entropy+diag_mean,4,48,IForest,3,0.5799380212557975,0.011890035373057472,0.12362221318837185,0.0034007167236267217,0.1556855042775472,1,0,1,1,1,0,0
cls_mean+cls_std+head_entropy+diag_mean,4,48,SO-GAAL,1,0.4430960254570413,0.0,0.09701533254460282,0.0,0.3953888416290283,1,0,1,1,1,0,0
cls_mean+cls_std+head_entropy+diag_mean,4,48,AE,3,0.6090763503254925,0.007255082491484582,0.1576351997856206,0.007375853121983058,1.1524243354797363,1,0,1,1,1,0,0
cls_mean+cls_std+head_entropy+diag_mean,4,48,VAE,3,0.538039974210187,0.002497391039944186,0.12851272932260036,0.001032053970964695,4.6521947383880615,1,0,1,1,1,0,0
cls_mean+cls_std+head_entropy+diag_mean,4,48,LUNAR,1,0.6763274474324577,0.0,0.20689739750327818,0.0,1.1220638751983643,1,0,1,1,1,0,0
cls_max+cls_std+head_entropy+diag_mean,4,48,LOF,1,0.6012042178823236,0.0,0.15749007769398227,0.0,0.012606620788574219,0,1,1,1,1,0,0
cls_max+cls_std+head_entropy+diag_mean,4,48,DeepSVDD,3,0.5399534119506666,0.06579472172788112,0.12513182083315674,0.01021286102742184,1.3652721246083577,0,1,1,1,1,0,0
cls_max+cls_std+head_entropy+diag_mean,4,48,ECOD,1,0.4691770137892307,0.0,0.09805696510021811,0.0,0.0301971435546875,0,1,1,1,1,0,0
cls_max+cls_std+head_entropy+diag_mean,4,48,IForest,3,0.5477735488030614,0.008206795354032678,0.12412666860715808,0.002860902045746887,0.13835811614990234,0,1,1,1,1,0,0
cls_max+cls_std+head_entropy+diag_mean,4,48,SO-GAAL,1,0.45908466962001626,0.0,0.09819817387383437,0.0,0.37792134284973145,0,1,1,1,1,0,0
cls_max+cls_std+head_entropy+diag_mean,4,48,AE,3,0.61013706037728,0.012992498580905546,0.154324493043273,0.00796902178556247,1.2622495492299397,0,1,1,1,1,0,0
cls_max+cls_std+head_entropy+diag_mean,4,48,VAE,3,0.5519019987105093,0.0014274470664503607,0.14173415268865788,0.00044912542027117125,4.55078140894572,0,1,1,1,1,0,0
cls_max+cls_std+head_entropy+diag_mean,4,48,LUNAR,1,0.6531166157109878,0.0,0.18518356914877918,0.0,1.0899410247802734,0,1,1,1,1,0,0
cls_mean+cls_max+cls_std+head_entropy+diag_mean,5,60,LOF,1,0.5981468771448182,0.0,0.1500974531478927,0.0,0.01343226432800293,1,1,1,1,1,0,0
cls_mean+cls_max+cls_std+head_entropy+diag_mean,5,60,DeepSVDD,3,0.5214429816351575,0.05320483779616098,0.11974821032382939,0.018411434472826723,1.2391193707784016,1,1,1,1,1,0,0
cls_mean+cls_max+cls_std+head_entropy+diag_mean,5,60,ECOD,1,0.47881699631871216,0.0,0.09987387136230878,0.0,0.028402090072631836,1,1,1,1,1,0,0
cls_mean+cls_max+cls_std+head_entropy+diag_mean,5,60,IForest,3,0.5896923940849816,0.013837284038360806,0.12828580665941877,0.0025034239914286404,0.1371003786722819,1,1,1,1,1,0,0
cls_mean+cls_max+cls_std+head_entropy+diag_mean,5,60,SO-GAAL,1,0.44687090534722657,0.0,0.0944459490836683,0.0,0.6053824424743652,1,1,1,1,1,0,0
cls_mean+cls_max+cls_std+head_entropy+diag_mean,5,60,AE,3,0.6107298101121025,0.0089056411009243,0.15982043345185407,0.008324286940380732,1.1777855555216472,1,1,1,1,1,0,0
cls_mean+cls_max+cls_std+head_entropy+diag_mean,5,60,VAE,3,0.5488238597366943,0.003375182747476849,0.13149898362195075,0.004075599841281585,4.549876769383748,1,1,1,1,1,0,0
cls_mean+cls_max+cls_std+head_entropy+diag_mean,5,60,LUNAR,1,0.6559555749672428,0.0,0.18983603837968163,0.0,1.0879230499267578,1,1,1,1,1,0,0
cls_token_pca+cls_mean,2,76,LOF,1,0.8900917202221251,0.0,0.463998203133939,0.0,0.013359785079956055,1,0,0,0,0,0,1
cls_token_pca+cls_mean,2,76,DeepSVDD,3,0.6170420748320543,0.06319101649784586,0.15034381195127555,0.028348321219400428,1.3854453563690186,1,0,0,0,0,0,1
cls_token_pca+cls_mean,2,76,ECOD,1,0.7617770013102889,0.0,0.21978531009673014,0.0,0.029603242874145508,1,0,0,0,0,0,1
cls_token_pca+cls_mean,2,76,IForest,3,0.7573989725671263,0.02344699757630195,0.20495435578707377,0.021910990508263038,0.14258440335591635,1,0,0,0,0,0,1
cls_token_pca+cls_mean,2,76,SO-GAAL,1,0.3212079615648593,0.0,0.07544950666389422,0.0,0.5169804096221924,1,0,0,0,0,0,1
cls_token_pca+cls_mean,2,76,AE,3,0.8374617832407812,0.002815492824324539,0.33610685290355957,0.0063744095736501276,1.3447047074635823,1,0,0,0,0,0,1
cls_token_pca+cls_mean,2,76,VAE,3,0.8009296811630374,0.023051207081562924,0.27502537025907364,0.04962889626019205,4.595860322316487,1,0,0,0,0,0,1
cls_token_pca+cls_mean,2,76,LUNAR,1,0.9145504461221688,0.0,0.5330927872818672,0.0,1.08390212059021,1,0,0,0,0,0,1
cls_token_pca+cls_max,2,76,LOF,1,0.8767080551569227,0.0,0.42396351754813283,0.0,0.013449668884277344,0,1,0,0,0,0,1
cls_token_pca+cls_max,2,76,DeepSVDD,3,0.6439445934984713,0.045160847517395804,0.19811878558522844,0.03861596865923215,1.2461195786794026,0,1,0,0,0,0,1
cls_token_pca+cls_max,2,76,ECOD,1,0.7795282960004991,0.0,0.27083585294597107,0.0,0.029341697692871094,0,1,0,0,0,0,1
cls_token_pca+cls_max,2,76,IForest,3,0.7770845032341257,0.03235824268583006,0.3042361205944817,0.06252165332536778,0.13608431816101074,0,1,0,0,0,0,1
cls_token_pca+cls_max,2,76,SO-GAAL,1,0.3771760154738878,0.0,0.08856352298907164,0.0,0.42482519149780273,0,1,0,0,0,0,1
cls_token_pca+cls_max,2,76,AE,3,0.8153532580437179,0.0017891319371566006,0.3051404161578886,0.002702805986523306,1.208368460337321,0,1,0,0,0,0,1
cls_token_pca+cls_max,2,76,VAE,3,0.7964996568291008,0.000344586042839813,0.2782533981501352,0.00024686480591282667,4.5730204582214355,0,1,0,0,0,0,1
cls_token_pca+cls_max,2,76,LUNAR,1,0.9092156985087665,0.0,0.5135626420729886,0.0,1.0772006511688232,0,1,0,0,0,0,1
cls_token_pca+cls_std,2,76,LOF,1,0.8835090784301491,0.0,0.44352460727759346,0.0,0.013251781463623047,0,0,1,0,0,0,1
cls_token_pca+cls_std,2,76,DeepSVDD,3,0.6349493562945863,0.039686307631764,0.19004578282813603,0.0348925922539071,1.3504540125528972,0,0,1,0,0,0,1
cls_token_pca+cls_std,2,76,ECOD,1,0.7691083796094091,0.0,0.2507107177017931,0.0,0.03052663803100586,0,0,1,0,0,0,1
cls_token_pca+cls_std,2,76,IForest,3,0.781337742559431,0.035156857824368296,0.2800003574378929,0.04746455871823132,0.16151054700215658,0,0,1,0,0,0,1
cls_token_pca+cls_std,2,76,SO-GAAL,1,0.3578492543832283,0.0,0.08367376676641422,0.0,0.49443793296813965,0,0,1,0,0,0,1
cls_token_pca+cls_std,2,76,AE,3,0.8194609097148562,0.0031791721685225246,0.3192552467702832,0.006870053125173635,1.168543020884196,0,0,1,0,0,0,1
cls_token_pca+cls_std,2,76,VAE,3,0.7920800316133193,0.00018427284318824118,0.28180248737353963,0.00017078398736600355,4.5519092082977295,0,0,1,0,0,0,1
cls_token_pca+cls_std,2,76,LUNAR,1,0.9130529731078805,0.0,0.536966279886823,0.0,1.0914583206176758,0,0,1,0,0,0,1
cls_token_pca+head_entropy,2,76,LOF,1,0.8867224059399763,0.0,0.44891659475650825,0.0,0.014781951904296875,0,0,0,1,0,0,1
cls_token_pca+head_entropy,2,76,DeepSVDD,3,0.6256005490734385,0.06480378169375886,0.16496633914130285,0.03072946782398742,1.3133620421091716,0,0,0,1,0,0,1
cls_token_pca+head_entropy,2,76,ECOD,1,0.7442128907468647,0.0,0.2080718425721656,0.0,0.030251741409301758,0,0,0,1,0,0,1
cls_token_pca+head_entropy,2,76,IForest,3,0.764002412595412,0.02875055087339645,0.24191077035132424,0.04627829539695179,0.1368717352549235,0,0,0,1,0,0,1
cls_token_pca+head_entropy,2,76,SO-GAAL,1,0.38322830223997006,0.0,0.08696864969294547,0.0,0.41160058975219727,0,0,0,1,0,0,1
cls_token_pca+head_entropy,2,76,AE,3,0.8296832428610054,0.007428959988652624,0.32601845697838167,0.011939683127768429,1.178596019744873,0,0,0,1,0,0,1
cls_token_pca+head_entropy,2,76,VAE,3,0.7902445872590004,0.020475864967117965,0.2612958806391768,0.03156301258586635,4.551380395889282,0,0,0,1,0,0,1
cls_token_pca+head_entropy,2,76,LUNAR,1,0.9139576963873464,0.0,0.5412008531706862,0.0,1.0784759521484375,0,0,0,1,0,0,1
cls_token_pca+diag_mean,2,76,LOF,1,0.9073750545953703,0.0,0.48917878695446027,0.0,0.014909029006958008,0,0,0,0,1,0,1
cls_token_pca+diag_mean,2,76,DeepSVDD,3,0.6307793099145192,0.06707430242473504,0.17770975372934464,0.047530398601328946,1.5560695330301921,0,0,0,0,1,0,1
cls_token_pca+diag_mean,2,76,ECOD,1,0.7745679166406689,0.0,0.26390620824100125,0.0,0.03293585777282715,0,0,0,0,1,0,1
cls_token_pca+diag_mean,2,76,IForest,3,0.7881179675963478,0.021701422338632627,0.2905611139350636,0.028040938137771265,0.1383663018544515,0,0,0,0,1,0,1
cls_token_pca+diag_mean,2,76,SO-GAAL,1,0.3120359393523429,0.0,0.0745202757168775,0.0,0.48987317085266113,0,0,0,0,1,0,1
cls_token_pca+diag_mean,2,76,AE,3,0.8377217611946507,0.0023677584029249336,0.33024980774186186,0.000616915813062667,1.210050344467163,0,0,0,0,1,0,1
cls_token_pca+diag_mean,2,76,VAE,3,0.8112768037270439,0.0005731791676346666,0.29887370497157884,0.000701620727094213,4.552066961924235,0,0,0,0,1,0,1
cls_token_pca+diag_mean,2,76,LUNAR,1,0.9243152180695077,0.0,0.5716619276987789,0.0,1.048619031906128,0,0,0,0,1,0,1
cls_token_pca+cls_mean+cls_max,3,88,LOF,1,0.8592063393024272,0.0,0.3989088857486858,0.0,0.014240026473999023,1,1,0,0,0,0,1
cls_token_pca+cls_mean+cls_max,3,88,DeepSVDD,3,0.6061749963603087,0.07456378452056465,0.17279593323331877,0.054597497479366604,1.409384806950887,1,1,0,0,0,0,1
cls_token_pca+cls_mean+cls_max,3,88,ECOD,1,0.7494228489424097,0.0,0.20659814677716815,0.0,0.03378868103027344,1,1,0,0,0,0,1
cls_token_pca+cls_mean+cls_max,3,88,IForest,3,0.7679020819034547,0.005826773544345209,0.2159465882578939,0.004712879641864046,0.13648581504821777,1,1,0,0,0,0,1
cls_token_pca+cls_mean+cls_max,3,88,SO-GAAL,1,0.4208367130467337,0.0,0.08920277531420998,0.0,0.6929502487182617,1,1,0,0,0,0,1
cls_token_pca+cls_mean+cls_max,3,88,AE,3,0.8133878247124643,0.0032845084195928876,0.2991905495430601,0.006866011565206225,1.3310082753499348,1,1,0,0,0,0,1
cls_token_pca+cls_mean+cls_max,3,88,VAE,3,0.7953557538320749,0.00219497771398862,0.2757450203470027,0.008301579426517491,4.5624205271403,1,1,0,0,0,0,1
cls_token_pca+cls_mean+cls_max,3,88,LUNAR,1,0.8937418106944531,0.0,0.47992385448656727,0.0,1.079439401626587,1,1,0,0,0,0,1
cls_token_pca+cls_mean+cls_std,3,88,LOF,1,0.8666313096649404,0.0,0.39758322786770867,0.0,0.014908313751220703,1,0,1,0,0,0,1
cls_token_pca+cls_mean+cls_std,3,88,DeepSVDD,3,0.5899835693933154,0.07790671057137934,0.16990255797834738,0.06433139507862375,1.3527600765228271,1,0,1,0,0,0,1
cls_token_pca+cls_mean+cls_std,3,88,ECOD,1,0.7326698695950583,0.0,0.18951464006674257,0.0,0.030431270599365234,1,0,1,0,0,0,1
cls_token_pca+cls_mean+cls_std,3,88,IForest,3,0.7475302094382396,0.00604297041949112,0.19780728558618746,0.0022609996995885044,0.13617801666259766,1,0,1,0,0,0,1
cls_token_pca+cls_mean+cls_std,3,88,SO-GAAL,1,0.4156891495601173,0.0,0.09242729769505817,0.0,0.5201926231384277,1,0,1,0,0,0,1
cls_token_pca+cls_mean+cls_std,3,88,AE,3,0.8165907531041366,0.0039533338784959095,0.31264357070360643,0.008737346658475649,1.2062818209330242,1,0,1,0,0,0,1
cls_token_pca+cls_mean+cls_std,3,88,VAE,3,0.7967076391921966,0.004145793364242739,0.2880206044622707,0.007006325187935722,4.556020577748616,1,0,1,0,0,0,1
cls_token_pca+cls_mean+cls_std,3,88,LUNAR,1,0.8870967741935483,0.0,0.4694386102222623,0.0,1.0684404373168945,1,0,1,0,0,0,1
cls_token_pca+cls_mean+head_entropy,3,88,LOF,1,0.8720596493417359,0.0,0.417953365523722,0.0,0.013579130172729492,1,0,0,1,0,0,1
cls_token_pca+cls_mean+head_entropy,3,88,DeepSVDD,3,0.5875085792724777,0.08471207180114095,0.1673145757775797,0.07001270330633168,1.2236909866333008,1,0,0,1,0,0,1
cls_token_pca+cls_mean+head_entropy,3,88,ECOD,1,0.7075559992512634,0.0,0.1685341722090572,0.0,0.030397653579711914,1,0,0,1,0,0,1
cls_token_pca+cls_mean+head_entropy,3,88,IForest,3,0.7463447099685947,0.01949842695989462,0.19498928720315334,0.01535972127890304,0.15644709269205728,1,0,0,1,0,0,1
cls_token_pca+cls_mean+head_entropy,3,88,SO-GAAL,1,0.4025862606850939,0.0,0.08366609858822242,0.0,0.5227279663085938,1,0,0,1,0,0,1
cls_token_pca+cls_mean+head_entropy,3,88,AE,3,0.8264075206422495,0.003559264350197232,0.32096130322221955,0.008634212123068299,1.1579739252726238,1,0,0,1,0,0,1
cls_token_pca+cls_mean+head_entropy,3,88,VAE,3,0.8042573989725671,0.006189685812188098,0.287766694137849,0.011649277714772763,4.556109348932902,1,0,0,1,0,0,1
cls_token_pca+cls_mean+head_entropy,3,88,LUNAR,1,0.8948025207462407,0.0,0.48594907012876976,0.0,1.0882539749145508,1,0,0,1,0,0,1
cls_token_pca+cls_mean+diag_mean,3,88,LOF,1,0.891090035564984,0.0,0.4467289823229079,0.0,0.01566314697265625,1,0,0,0,1,0,1
cls_token_pca+cls_mean+diag_mean,3,88,DeepSVDD,3,0.6017449720263722,0.07431039714342713,0.17614821711874887,0.06310428978383731,1.4693588415781658,1,0,0,0,1,0,1
cls_token_pca+cls_mean+diag_mean,3,88,ECOD,1,0.7335745928745243,0.0,0.19854235303916415,0.0,0.030481815338134766,1,0,0,0,1,0,1
cls_token_pca+cls_mean+diag_mean,3,88,IForest,3,0.7523242029075935,0.011056487961910253,0.21104173251445954,0.019132693548115205,0.14086572329203287,1,0,0,0,1,0,1
cls_token_pca+cls_mean+diag_mean,3,88,SO-GAAL,1,0.43860360641417606,0.0,0.0937277202536074,0.0,0.5027768611907959,1,0,0,0,1,0,1
cls_token_pca+cls_mean+diag_mean,3,88,AE,3,0.8406023169235249,0.003165297516375551,0.33565106370342673,0.009413856847015362,1.3424196243286133,1,0,0,0,1,0,1
cls_token_pca+cls_mean+diag_mean,3,88,VAE,3,0.8031030968573863,0.004654253095485522,0.2879887273418568,0.006086782308847381,4.557940642038981,1,0,0,0,1,0,1
cls_token_pca+cls_mean+diag_mean,3,88,LUNAR,1,0.8953328757721345,0.0,0.48925593506472276,0.0,1.0836577415466309,1,0,0,0,1,0,1
cls_token_pca+cls_max+cls_std,3,88,LOF,1,0.8554938541211705,0.0,0.38739528614619256,0.0,0.013458490371704102,0,1,1,0,0,0,1
cls_token_pca+cls_max+cls_std,3,88,DeepSVDD,3,0.63097689315946,0.06880003600883704,0.19497150523065376,0.07145580682786946,1.4059354464213054,0,1,1,0,0,0,1
cls_token_pca+cls_max+cls_std,3,88,ECOD,1,0.7316091595432708,0.0,0.22290536862511362,0.0,0.030064105987548828,0,1,1,0,0,0,1
cls_token_pca+cls_max+cls_std,3,88,IForest,3,0.7595827873796303,0.002806644737219264,0.26076805185147073,0.005532704510800727,0.15412664413452148,0,1,1,0,0,0,1
cls_token_pca+cls_max+cls_std,3,88,SO-GAAL,1,0.42490796780433016,0.0,0.09036867190729864,0.0,0.5298166275024414,0,1,1,0,0,0,1
cls_token_pca+cls_max+cls_std,3,88,AE,3,0.7993802125579751,0.00354465043728206,0.2819474509006025,0.01087732660456345,1.30598783493042,0,1,1,0,0,0,1
cls_token_pca+cls_max+cls_std,3,88,VAE,3,0.7620785757367775,0.0003324466496775037,0.2375361509614501,0.0008669768694083277,4.574787775675456,0,1,1,0,0,0,1
cls_token_pca+cls_max+cls_std,3,88,LUNAR,1,0.8725276096587009,0.0,0.4269840078591086,0.0,1.0559206008911133,0,1,1,0,0,0,1
cls_token_pca+cls_max+head_entropy,3,88,LOF,1,0.8665377176015474,0.0,0.401997768751423,0.0,0.01374959945678711,0,1,0,1,0,0,1
cls_token_pca+cls_max+head_entropy,3,88,DeepSVDD,3,0.6244358478401032,0.07534663961587691,0.19362284748601719,0.07259432939370351,1.3502140045166016,0,1,0,1,0,0,1
cls_token_pca+cls_max+head_entropy,3,88,ECOD,1,0.7255256754227242,0.0,0.19580978984668287,0.0,0.029773473739624023,0,1,0,1,0,0,1
cls_token_pca+cls_max+head_entropy,3,88,IForest,3,0.7626713254716,0.005927515592263733,0.23092801494627657,0.017833331918356555,0.14612523714701334,0,1,0,1,0,0,1
cls_token_pca+cls_max+head_entropy,3,88,SO-GAAL,1,0.41960441754539207,0.0,0.08549259673686345,0.0,0.5461246967315674,0,1,0,1,0,0,1
cls_token_pca+cls_max+head_entropy,3,88,AE,3,0.8112976019633535,0.002335753982364802,0.29825231750147374,0.006369094952589418,1.1499415238698323,0,1,0,1,0,0,1
cls_token_pca+cls_max+head_entropy,3,88,VAE,3,0.7763669640814458,0.012568993865964292,0.24229676693767224,0.01841134533405052,4.550394217173259,0,1,0,1,0,0,1
cls_token_pca+cls_max+head_entropy,3,88,LUNAR,1,0.8878143133462283,0.0,0.4651234410575939,0.0,1.0714781284332275,0,1,0,1,0,0,1
cls_token_pca+cls_max+diag_mean,3,88,LOF,1,0.8676608223622637,0.0,0.396876729985206,0.0,0.014072656631469727,0,1,0,0,1,0,1
cls_token_pca+cls_max+diag_mean,3,88,DeepSVDD,3,0.6528358395208086,0.05869220461465393,0.2033930089750187,0.05101339943742422,1.3752230008443196,0,1,0,0,1,0,1
cls_token_pca+cls_max+diag_mean,3,88,ECOD,1,0.7510139140200912,0.0,0.249222985846922,0.0,0.02997112274169922,0,1,0,0,1,0,1
cls_token_pca+cls_max+diag_mean,3,88,IForest,3,0.769919510825482,0.006149018877726737,0.27899728992110945,0.009417618892133599,0.14299496014912924,0,1,0,0,1,0,1
cls_token_pca+cls_max+diag_mean,3,88,SO-GAAL,1,0.44340799900168465,0.0,0.09150657846163025,0.0,0.44166135787963867,0,1,0,0,1,0,1
cls_token_pca+cls_max+diag_mean,3,88,AE,3,0.8169339240032446,0.0026685442108850418,0.30871544558056346,0.008297288297607456,1.1285417874654133,0,1,0,0,1,0,1
cls_token_pca+cls_max+diag_mean,3,88,VAE,3,0.7803082298621078,0.0002334596235586265,0.2607136209738889,0.0004347192526355638,4.554015318552653,0,1,0,0,1,0,1
cls_token_pca+cls_max+diag_mean,3,88,LUNAR,1,0.8962064016971361,0.0,0.5120811824084618,0.0,1.0613923072814941,0,1,0,0,1,0,1
cls_token_pca+cls_std+head_entropy,3,88,LOF,1,0.8699382292381606,0.0,0.4134860442593816,0.0,0.01406097412109375,0,0,1,1,0,0,1
cls_token_pca+cls_std+head_entropy,3,88,DeepSVDD,3,0.6162725400886006,0.07563398237898089,0.19138975457543742,0.07389064752776767,1.3856563568115234,0,0,1,1,0,0,1
cls_token_pca+cls_std+head_entropy,3,88,ECOD,1,0.7114868659137705,0.0,0.17933345644221665,0.0,0.029919147491455078,0,0,1,1,0,0,1
cls_token_pca+cls_std+head_entropy,3,88,IForest,3,0.7593644058983798,0.0012828482987036576,0.2187539102259147,0.01011847355612268,0.2010618050893148,0,0,1,1,0,0,1
cls_token_pca+cls_std+head_entropy,3,88,SO-GAAL,1,0.41770137892306736,0.0,0.08505624973076895,0.0,0.43159914016723633,0,0,1,1,0,0,1
cls_token_pca+cls_std+head_entropy,3,88,AE,3,0.8135750088392504,0.0034805523781374125,0.3082348279891409,0.00427822463774653,1.1530524889628093,0,0,1,1,0,0,1
cls_token_pca+cls_std+head_entropy,3,88,VAE,3,0.7721345229924502,0.014366124855635846,0.24461640019967903,0.02679061866004521,4.555991888046265,0,0,1,1,0,0,1
cls_token_pca+cls_std+head_entropy,3,88,LUNAR,1,0.8891869969426593,0.0,0.4796749623981871,0.0,1.0872771739959717,0,0,1,1,0,0,1
cls_token_pca+cls_std+diag_mean,3,88,LOF,1,0.8777999625631747,0.0,0.4181638562926613,0.0,0.017612457275390625,0,0,1,0,1,0,1
cls_token_pca+cls_std+diag_mean,3,88,DeepSVDD,3,0.6501528670368754,0.052572550273854,0.20193777150567419,0.05086053049512942,1.8003872235616047,0,0,1,0,1,0,1
cls_token_pca+cls_std+diag_mean,3,88,ECOD,1,0.7366319336120297,0.0,0.23248249082047925,0.0,0.03027176856994629,0,0,1,0,1,0,1
cls_token_pca+cls_std+diag_mean,3,88,IForest,3,0.765749464445415,0.017795610771101915,0.26530579732025017,0.014578479861445037,0.14009650548299155,0,0,1,0,1,0,1
cls_token_pca+cls_std+diag_mean,3,88,SO-GAAL,1,0.4442035315405254,0.0,0.09148582305721889,0.0,0.5509626865386963,0,0,1,0,1,0,1
cls_token_pca+cls_std+diag_mean,3,88,AE,3,0.8208127950749776,0.002875163412954072,0.32190389026784505,0.007559217560556113,1.209063212076823,0,0,1,0,1,0,1
cls_token_pca+cls_std+diag_mean,3,88,VAE,3,0.7754934381564444,0.00014029177391518136,0.2707761365871619,0.0004132584791251538,4.557570695877075,0,0,1,0,1,0,1
cls_token_pca+cls_std+diag_mean,3,88,LUNAR,1,0.8951768889998128,0.0,0.5154424216321495,0.0,1.07326340675354,0,0,1,0,1,0,1
cls_token_pca+head_entropy+diag_mean,3,88,LOF,1,0.8919635614899857,0.0,0.44654053362115265,0.0,0.013729572296142578,0,0,0,1,1,0,1
cls_token_pca+head_entropy+diag_mean,3,88,DeepSVDD,3,0.6371747675797093,0.06971835143673938,0.17474521349098796,0.027438261251468542,1.3565911451975505,0,0,0,1,1,0,1
cls_token_pca+head_entropy+diag_mean,3,88,ECOD,1,0.7185998627316404,0.0,0.18360111409673208,0.0,0.029970645904541016,0,0,0,1,1,0,1
cls_token_pca+head_entropy+diag_mean,3,88,IForest,3,0.765801460036189,0.010764609372332607,0.23659595594511026,0.018687157377826166,0.14763649304707846,0,0,0,1,1,0,1
cls_token_pca+head_entropy+diag_mean,3,88,SO-GAAL,1,0.44629375428963625,0.0,0.09050658445090559,0.0,0.5224676132202148,0,0,0,1,1,0,1
cls_token_pca+head_entropy+diag_mean,3,88,AE,3,0.8412990578398952,0.006262877002670063,0.3398741199592547,0.01421500075208727,1.1764289538065593,0,0,0,1,1,0,1
cls_token_pca+head_entropy+diag_mean,3,88,VAE,3,0.7948877935151099,0.024296595440334277,0.2697211109545654,0.028378796659760508,4.555193503697713,0,0,0,1,1,0,1
cls_token_pca+head_entropy+diag_mean,3,88,LUNAR,1,0.8977038747114245,0.0,0.49017848965959354,0.0,1.0741558074951172,0,0,0,1,1,0,1
cls_token_pca+cls_mean+cls_max+cls_std,4,100,LOF,1,0.8387408747738192,0.0,0.3648424584981223,0.0,0.013569116592407227,1,1,1,0,0,0,1
cls_token_pca+cls_mean+cls_max+cls_std,4,100,DeepSVDD,3,0.5007175391526798,0.08750172225907485,0.11822180077310251,0.02353884411722404,1.3560842672983806,1,1,1,0,0,0,1
cls_token_pca+cls_mean+cls_max+cls_std,4,100,ECOD,1,0.7099581955450178,0.0,0.17804470416231846,0.0,0.030557632446289062,1,1,1,0,0,0,1
cls_token_pca+cls_mean+cls_max+cls_std,4,100,IForest,3,0.7156673114119924,0.006686867475186708,0.18566323204024152,0.003160051805635216,0.1503734588623047,1,1,1,0,0,0,1
cls_token_pca+cls_mean+cls_max+cls_std,4,100,SO-GAAL,1,0.56086603855993,0.0,0.12721006622499237,0.0,0.47353124618530273,1,1,1,0,0,0,1
cls_token_pca+cls_mean+cls_max+cls_std,4,100,AE,3,0.7997961772841663,0.0026286535345952603,0.2790199825419903,0.0077204342459641,1.1649401187896729,1,1,1,0,0,0,1
cls_token_pca+cls_mean+cls_max+cls_std,4,100,VAE,3,0.7694619496266716,0.0059346264912022145,0.2466409402227967,0.005850217305550814,4.557728211085002,1,1,1,0,0,0,1
cls_token_pca+cls_mean+cls_max+cls_std,4,100,LUNAR,1,0.8747426218256692,0.0,0.4166140523870645,0.0,1.0939652919769287,1,1,1,0,0,0,1
cls_token_pca+cls_mean+cls_max+head_entropy,4,100,LOF,1,0.8468209895800837,0.0,0.3784277656084905,0.0,0.019048213958740234,1,1,0,1,0,0,1
cls_token_pca+cls_mean+cls_max+head_entropy,4,100,DeepSVDD,3,0.49704665044404234,0.09391157628357599,0.11154304728585344,0.029650182354039233,1.3947203954060872,1,1,0,1,0,0,1
cls_token_pca+cls_mean+cls_max+head_entropy,4,100,ECOD,1,0.6958569913271355,0.0,0.16346285594941234,0.0,0.030785799026489258,1,1,0,1,0,0,1
cls_token_pca+cls_mean+cls_max+head_entropy,4,100,IForest,3,0.7222915496765875,0.01097536153034963,0.18307955461413064,0.007944342073725859,0.13679822285970053,1,1,0,1,0,0,1
cls_token_pca+cls_mean+cls_max+head_entropy,4,100,SO-GAAL,1,0.515629874586635,0.0,0.110891748146038,0.0,0.5691566467285156,1,1,0,1,0,0,1
cls_token_pca+cls_mean+cls_max+head_entropy,4,100,AE,3,0.8109544310642457,0.0017958286490413998,0.29980348074928254,0.005621588744522326,1.1464295387268066,1,1,0,1,0,0,1
cls_token_pca+cls_mean+cls_max+head_entropy,4,100,VAE,3,0.7843638859424721,0.007739459413906865,0.25548175008241164,0.014368038372659363,4.558301687240601,1,1,0,1,0,0,1
cls_token_pca+cls_mean+cls_max+head_entropy,4,100,LUNAR,1,0.8873463530292631,0.0,0.4723755067057324,0.0,1.0755062103271484,1,1,0,1,0,0,1
cls_token_pca+cls_mean+cls_max+diag_mean,4,100,LOF,1,0.86073500967118,0.0,0.3922922966620134,0.0,0.016646862030029297,1,1,0,0,1,0,1
cls_token_pca+cls_mean+cls_max+diag_mean,4,100,DeepSVDD,3,0.5128949065119278,0.08406438591094469,0.11924612689845444,0.030406153060448405,1.2920543352762859,1,1,0,0,1,0,1
cls_token_pca+cls_mean+cls_max+diag_mean,4,100,ECOD,1,0.7216260061146815,0.0,0.1918323123306051,0.0,0.03267335891723633,1,1,0,0,1,0,1
cls_token_pca+cls_mean+cls_max+diag_mean,4,100,IForest,3,0.7216884008236102,0.014481689625619734,0.1908973965673513,0.014480143530919719,0.14640402793884277,1,1,0,0,1,0,1
cls_token_pca+cls_mean+cls_max+diag_mean,4,100,SO-GAAL,1,0.5352218131902414,0.0,0.1283191620164684,0.0,0.4920837879180908,1,1,0,0,1,0,1
cls_token_pca+cls_mean+cls_max+diag_mean,4,100,AE,3,0.8177554543374722,0.002740675702987272,0.3122242713936996,0.005553557926594312,1.3181402683258057,1,1,0,0,1,0,1
cls_token_pca+cls_mean+cls_max+diag_mean,4,100,VAE,3,0.7808385848880014,0.0033530988563160798,0.26671500878895565,0.007039710625147907,4.55763594309489,1,1,0,0,1,0,1
cls_token_pca+cls_mean+cls_max+diag_mean,4,100,LUNAR,1,0.8793598302863918,0.0,0.46817330733888507,0.0,1.0772371292114258,1,1,0,0,1,0,1
cls_token_pca+cls_mean+cls_std+head_entropy,4,100,LOF,1,0.8514381980408061,0.0,0.3806204741076867,0.0,0.01443624496459961,1,0,1,1,0,0,1
cls_token_pca+cls_mean+cls_std+head_entropy,4,100,DeepSVDD,3,0.49318857760861884,0.09328936280398231,0.11227413932136476,0.031078718118818963,1.3455170790354412,1,0,1,1,0,0,1
cls_token_pca+cls_mean+cls_std+head_entropy,4,100,ECOD,1,0.6820677606538965,0.0,0.15553174721910734,0.0,0.03086066246032715,1,0,1,1,0,0,1
cls_token_pca+cls_mean+cls_std+head_entropy,4,100,IForest,3,0.7109253135334125,0.018398364827205468,0.17451422631535732,0.010867778918363914,0.1440138816833496,1,0,1,1,0,0,1
cls_token_pca+cls_mean+cls_std+head_entropy,4,100,SO-GAAL,1,0.5092968116303738,0.0,0.11056897408580602,0.0,0.5961229801177979,1,0,1,1,0,0,1
cls_token_pca+cls_mean+cls_std+head_entropy,4,100,AE,3,0.8151244774443128,0.003267243392172164,0.3136951566443614,0.00590727015654799,1.1695308685302734,1,0,1,1,0,0,1
cls_token_pca+cls_mean+cls_std+head_entropy,4,100,VAE,3,0.7812337513778832,0.012095090896576925,0.2587402653454527,0.025454184393434783,4.557963689168294,1,0,1,1,0,0,1
cls_token_pca+cls_mean+cls_std+head_entropy,4,100,LUNAR,1,0.8902477069944469,0.0,0.4972014875479254,0.0,1.0919628143310547,1,0,1,1,0,0,1
cls_token_pca+cls_mean+cls_std+diag_mean,4,100,LOF,1,0.8661009546390466,0.0,0.3944277886328135,0.0,0.014805793762207031,1,0,1,0,1,0,1
cls_token_pca+cls_mean+cls_std+diag_mean,4,100,DeepSVDD,3,0.5138724236184772,0.08864806573634974,0.12156189792675136,0.03171842133128185,1.2134156227111816,1,0,1,0,1,0,1
cls_token_pca+cls_mean+cls_std+diag_mean,4,100,ECOD,1,0.7054657765021526,0.0,0.17840653533326933,0.0,0.030983686447143555,1,0,1,0,1,0,1
cls_token_pca+cls_mean+cls_std+diag_mean,4,100,IForest,3,0.7074624071878705,0.008451009578065402,0.1778307485394892,0.008269845478318192,0.15625548362731934,1,0,1,0,1,0,1
cls_token_pca+cls_mean+cls_std+diag_mean,4,100,SO-GAAL,1,0.52558183066076,0.0,0.12062894142958108,0.0,0.4339139461517334,1,0,1,0,1,0,1
cls_token_pca+cls_mean+cls_std+diag_mean,4,100,AE,3,0.8224350575071234,0.00368299124300655,0.32737729249101016,0.004229773326823748,1.1450259685516357,1,0,1,0,1,0,1
cls_token_pca+cls_mean+cls_std+diag_mean,4,100,VAE,3,0.7838647282710426,0.001862632729416945,0.28351610571535196,0.006337345387581829,4.558219273885091,1,0,1,0,1,0,1
cls_token_pca+cls_mean+cls_std+diag_mean,4,100,LUNAR,1,0.8798277906033568,0.0,0.4669009065371118,0.0,1.0651540756225586,1,0,1,0,1,0,1
cls_token_pca+cls_mean+head_entropy+diag_mean,4,100,LOF,1,0.8775191863729955,0.0,0.4226229746129976,0.0,0.016135454177856445,1,0,0,1,1,0,1
cls_token_pca+cls_mean+head_entropy+diag_mean,4,100,DeepSVDD,3,0.4985233252220212,0.09147951095707116,0.11099533896478864,0.025331119956349103,1.388436237970988,1,0,0,1,1,0,1
cls_token_pca+cls_mean+head_entropy+diag_mean,4,100,ECOD,1,0.687589692394085,0.0,0.16030550251299955,0.0,0.03103160858154297,1,0,0,1,1,0,1
cls_token_pca+cls_mean+head_entropy+diag_mean,4,100,IForest,3,0.6991639109003557,0.006568555876342594,0.1678538119789326,0.0040149330710867,0.15976579984029135,1,0,0,1,1,0,1
cls_token_pca+cls_mean+head_entropy+diag_mean,4,100,SO-GAAL,1,0.5162850190303863,0.0,0.11198048541364836,0.0,0.477919340133667,1,0,0,1,1,0,1
cls_token_pca+cls_mean+head_entropy+diag_mean,4,100,AE,3,0.8384912959381046,0.006225259913168003,0.331450146872609,0.009385364770639299,1.1601734161376953,1,0,0,1,1,0,1
cls_token_pca+cls_mean+head_entropy+diag_mean,4,100,VAE,3,0.7988810548865457,0.005719269182509201,0.27827583585072896,0.007655297820446742,4.5585511525472,1,0,0,1,1,0,1
cls_token_pca+cls_mean+head_entropy+diag_mean,4,100,LUNAR,1,0.901946714918575,0.0,0.5118176376483581,0.0,1.0938372611999512,1,0,0,1,1,0,1
cls_token_pca+cls_max+cls_std+head_entropy,4,100,LOF,1,0.8411118737131091,0.0,0.3624213207573438,0.0,0.0157625675201416,0,1,1,1,0,0,1
cls_token_pca+cls_max+cls_std+head_entropy,4,100,DeepSVDD,3,0.5157338657681828,0.0659023140145,0.12196469965881451,0.024534556382064865,1.3909599781036377,0,1,1,1,0,0,1
cls_token_pca+cls_max+cls_std+head_entropy,4,100,ECOD,1,0.690522243713733,0.0,0.16825155799381125,0.0,0.030516862869262695,0,1,1,1,0,0,1
cls_token_pca+cls_max+cls_std+head_entropy,4,100,IForest,3,0.7213972255152763,0.017097560774249322,0.2032209931740366,0.015627584425135427,0.15364154179890951,0,1,1,1,0,0,1
cls_token_pca+cls_max+cls_std+head_entropy,4,100,SO-GAAL,1,0.5231484370125413,0.0,0.11088455940237539,0.0,0.4710710048675537,0,1,1,1,0,0,1
cls_token_pca+cls_max+cls_std+head_entropy,4,100,AE,3,0.8015952247249434,0.002665543704388538,0.28088635514248167,0.002694070685896513,1.138382355372111,0,1,1,1,0,0,1
cls_token_pca+cls_max+cls_std+head_entropy,4,100,VAE,3,0.7491108753977663,0.016965414702860324,0.21808434206684546,0.021597966076794012,4.5577162106831866,0,1,1,1,0,0,1
cls_token_pca+cls_max+cls_std+head_entropy,4,100,LUNAR,1,0.8697198477569101,0.0,0.4268731031262561,0.0,1.074082851409912,0,1,1,1,0,0,1
cls_token_pca+cls_max+cls_std+diag_mean,4,100,LOF,1,0.8514070006863418,0.0,0.37026051403265003,0.0,0.01697516441345215,0,1,1,0,1,0,1
cls_token_pca+cls_max+cls_std+diag_mean,4,100,DeepSVDD,3,0.5421268276450157,0.0686674741341254,0.1401116961669169,0.02701071118136914,1.301002025604248,0,1,1,0,1,0,1
cls_token_pca+cls_max+cls_std+diag_mean,4,100,ECOD,1,0.7066824733262619,0.0,0.20995144833268278,0.0,0.030863046646118164,0,1,1,0,1,0,1
cls_token_pca+cls_max+cls_std+diag_mean,4,100,IForest,3,0.7197125683742019,0.024368739751427344,0.22541119748932173,0.026043701454431415,0.13096070289611816,0,1,1,0,1,0,1
cls_token_pca+cls_max+cls_std+diag_mean,4,100,SO-GAAL,1,0.530791788856305,0.0,0.11653569752518061,0.0,0.5599801540374756,0,1,1,0,1,0,1
cls_token_pca+cls_max+cls_std+diag_mean,4,100,AE,3,0.8069091741020361,0.002613925450513965,0.2940705609673543,0.0017120954556177417,1.1578038533528645,0,1,1,0,1,0,1
cls_token_pca+cls_max+cls_std+diag_mean,4,100,VAE,3,0.7549343815644433,0.00841277732506868,0.23668934398758332,0.007045041243616583,4.559614260991414,0,1,1,0,1,0,1
cls_token_pca+cls_max+cls_std+diag_mean,4,100,LUNAR,1,0.8784863043613902,0.0,0.4490118934665762,0.0,1.0871193408966064,0,1,1,0,1,0,1
cls_token_pca+cls_max+head_entropy+diag_mean,4,100,LOF,1,0.8624508641667187,0.0,0.39812462525829084,0.0,0.016556262969970703,0,1,0,1,1,0,1
cls_token_pca+cls_max+head_entropy+diag_mean,4,100,DeepSVDD,3,0.5384247415819138,0.08187391423267706,0.13260963609852314,0.028651517028849955,1.245649258295695,0,1,0,1,1,0,1
cls_token_pca+cls_max+head_entropy+diag_mean,4,100,ECOD,1,0.704217882323579,0.0,0.17840745502657487,0.0,0.05120134353637695,0,1,0,1,1,0,1
cls_token_pca+cls_max+head_entropy+diag_mean,4,100,IForest,3,0.7288117967596347,0.027356271333204264,0.2076908589844356,0.024880383913656486,0.1558678150177002,0,1,0,1,1,0,1
cls_token_pca+cls_max+head_entropy+diag_mean,4,100,SO-GAAL,1,0.5209646222000375,0.0,0.11213533891328166,0.0,0.7403199672698975,0,1,0,1,1,0,1
cls_token_pca+cls_max+head_entropy+diag_mean,4,100,AE,3,0.8190969405794388,0.00477053240666417,0.3091344321651632,0.011010972703425945,1.1539638837178547,0,1,0,1,1,0,1
cls_token_pca+cls_max+head_entropy+diag_mean,4,100,VAE,3,0.7819304922942534,0.0025514528316603444,0.26144746682535824,0.006613544797978569,4.559834241867065,0,1,0,1,1,0,1
cls_token_pca+cls_max+head_entropy+diag_mean,4,100,LUNAR,1,0.8785175017158545,0.0,0.45772415046942333,0.0,1.0889205932617188,0,1,0,1,1,0,1
cls_token_pca+cls_std+head_entropy+diag_mean,4,100,LOF,1,0.8670680726274412,0.0,0.3992853462471288,0.0,0.017321348190307617,0,0,1,1,1,0,1
cls_token_pca+cls_std+head_entropy+diag_mean,4,100,DeepSVDD,3,0.5254778394792122,0.08132708656778598,0.12396511321680433,0.024977507160308932,1.3091431458791096,0,0,1,1,1,0,1
cls_token_pca+cls_std+head_entropy+diag_mean,4,100,ECOD,1,0.6898670992699819,0.0,0.16589315437562904,0.0,0.04148101806640625,0,0,1,1,1,0,1
cls_token_pca+cls_std+head_entropy+diag_mean,4,100,IForest,3,0.7274599113995133,0.00905164238051029,0.2013413023391498,0.0068314000048104295,0.13851348559061685,0,0,1,1,1,0,1
cls_token_pca+cls_std+head_entropy+diag_mean,4,100,SO-GAAL,1,0.5273132838335309,0.0,0.11344549490961653,0.0,0.6744742393493652,0,0,1,1,1,0,1
cls_token_pca+cls_std+head_entropy+diag_mean,4,100,AE,3,0.822258272498492,0.0060834219032822184,0.32462329233853854,0.00837805518643647,1.1576944986979167,0,0,1,1,1,0,1
cls_token_pca+cls_std+head_entropy+diag_mean,4,100,VAE,3,0.7830016014641958,0.002443416599105889,0.2769945092294505,0.0025001013733960517,4.557244459788005,0,0,1,1,1,0,1
cls_token_pca+cls_std+head_entropy+diag_mean,4,100,LUNAR,1,0.8957696387346353,0.0,0.5138745240775987,0.0,1.096282720565796,0,0,1,1,1,0,1
cls_token_pca+cls_mean+cls_max+cls_std+head_entropy,5,112,LOF,1,0.8278218007112996,0.0,0.3444803091413888,0.0,0.014811992645263672,1,1,1,1,0,0,1
cls_token_pca+cls_mean+cls_max+cls_std+head_entropy,5,112,DeepSVDD,3,0.5538050373328341,0.04342032457401432,0.1324344298339598,0.009846602933815455,1.2400394280751545,1,1,1,1,0,0,1
cls_token_pca+cls_mean+cls_max+cls_std+head_entropy,5,112,ECOD,1,0.6664690834217257,0.0,0.1500476766876792,0.0,0.041845083236694336,1,1,1,1,0,0,1
cls_token_pca+cls_mean+cls_max+cls_std+head_entropy,5,112,IForest,3,0.6879432624113475,0.02921359022306795,0.16874848402563325,0.012750346836151047,0.14194234212239584,1,1,1,1,0,0,1
cls_token_pca+cls_mean+cls_max+cls_std+head_entropy,5,112,SO-GAAL,1,0.5557808697822425,0.0,0.13336153225457936,0.0,0.42983198165893555,1,1,1,1,0,0,1
cls_token_pca+cls_mean+cls_max+cls_std+head_entropy,5,112,AE,3,0.794315842016597,0.0025659073339720398,0.2707746752760671,0.0017725979955398948,1.152306079864502,1,1,1,1,0,0,1
cls_token_pca+cls_mean+cls_max+cls_std+head_entropy,5,112,VAE,3,0.7629313034254696,0.005400357277055107,0.2400322437499597,0.0040771139567309335,4.560402472813924,1,1,1,1,0,0,1
cls_token_pca+cls_mean+cls_max+cls_std+head_entropy,5,112,LUNAR,1,0.8724028202408436,0.0,0.41795532423707704,0.0,1.0816712379455566,1,1,1,1,0,0,1
cls_token_pca+cls_mean+cls_max+cls_std+diag_mean,5,112,LOF,1,0.841642228739003,0.0,0.3616135850995723,0.0,0.014166116714477539,1,1,1,0,1,0,1
cls_token_pca+cls_mean+cls_max+cls_std+diag_mean,5,112,DeepSVDD,3,0.5878309519352759,0.01781822060434156,0.1579709439044546,0.01569103367445089,1.3527100880940754,1,1,1,0,1,0,1
cls_token_pca+cls_mean+cls_max+cls_std+diag_mean,5,112,ECOD,1,0.6858738378985463,0.0,0.16926324896117473,0.0,0.05129384994506836,1,1,1,0,1,0,1
cls_token_pca+cls_mean+cls_max+cls_std+diag_mean,5,112,IForest,3,0.6998918491711903,0.027667678087356602,0.18236376237103946,0.015611554011045515,0.1521930694580078,1,1,1,0,1,0,1
cls_token_pca+cls_mean+cls_max+cls_std+diag_mean,5,112,SO-GAAL,1,0.5635490110438635,0.0,0.14589537447311945,0.0,0.4823336601257324,1,1,1,0,1,0,1
cls_token_pca+cls_mean+cls_max+cls_std+diag_mean,5,112,AE,3,0.8023023647594685,0.005434432292485584,0.28114627065487496,0.002724801216071023,1.15012526512146,1,1,1,0,1,0,1
cls_token_pca+cls_mean+cls_max+cls_std+diag_mean,5,112,VAE,3,0.7471558411846675,0.00911476625757858,0.23080567003278205,0.007658509367931775,4.560930887858073,1,1,1,0,1,0,1
cls_token_pca+cls_mean+cls_max+cls_std+diag_mean,5,112,LUNAR,1,0.8747114244712049,0.0,0.43056456409579374,0.0,1.0775036811828613,1,1,1,0,1,0,1
cls_token_pca+cls_mean+cls_max+head_entropy+diag_mean,5,112,LOF,1,0.8543083546515255,0.0,0.3858088510328696,0.0,0.014568567276000977,1,1,0,1,1,0,1
cls_token_pca+cls_mean+cls_max+head_entropy+diag_mean,5,112,DeepSVDD,3,0.6196210561344399,0.033214467569444434,0.15889236869017856,0.023317419480267377,1.3591384092966716,1,1,0,1,1,0,1
cls_token_pca+cls_mean+cls_max+head_entropy+diag_mean,5,112,ECOD,1,0.6769513945217446,0.0,0.15726261678794884,0.0,0.051553964614868164,1,1,0,1,1,0,1
cls_token_pca+cls_mean+cls_max+head_entropy+diag_mean,5,112,IForest,3,0.7034067511075061,0.03243868853596172,0.1760995903956922,0.018559402695777858,0.15106670061747232,1,1,0,1,1,0,1
cls_token_pca+cls_mean+cls_max+head_entropy+diag_mean,5,112,SO-GAAL,1,0.5229612528857552,0.0,0.13176688231146289,0.0,0.6122510433197021,1,1,0,1,1,0,1
cls_token_pca+cls_mean+cls_max+head_entropy+diag_mean,5,112,AE,3,0.8222270751440277,0.0022807994948117133,0.3188929786826334,0.004622210991150987,1.165336052576701,1,1,0,1,1,0,1
cls_token_pca+cls_mean+cls_max+head_entropy+diag_mean,5,112,VAE,3,0.7706890455689358,0.004728386513774683,0.24996920694044275,0.00993405401104444,4.5595543384552,1,1,0,1,1,0,1
cls_token_pca+cls_mean+cls_max+head_entropy+diag_mean,5,112,LUNAR,1,0.8862232482685468,0.0,0.4679488859056596,0.0,1.0640554428100586,1,1,0,1,1,0,1
cls_token_pca+cls_mean+cls_std+head_entropy+diag_mean,5,112,LOF,1,0.8617333250140388,0.0,0.38868178222560257,0.0,0.014560222625732422,1,0,1,1,1,0,1
cls_token_pca+cls_mean+cls_std+head_entropy+diag_mean,5,112,DeepSVDD,3,0.6176868201576506,0.04345148545338524,0.1567241084575061,0.022355015385927095,1.2491198380788167,1,0,1,1,1,0,1
cls_token_pca+cls_mean+cls_std+head_entropy+diag_mean,5,112,ECOD,1,0.6639109003556499,0.0,0.14982459524881636,0.0,0.05195784568786621,1,0,1,1,1,0,1
cls_token_pca+cls_mean+cls_std+head_entropy+diag_mean,5,112,IForest,3,0.7070672406979887,0.01969322275369236,0.17311821908395775,0.008840188779698986,0.13762871424357095,1,0,1,1,1,0,1
cls_token_pca+cls_mean+cls_std+head_entropy+diag_mean,5,112,SO-GAAL,1,0.557933487240282,0.0,0.13960785226709932,0.0,0.4967622756958008,1,0,1,1,1,0,1
cls_token_pca+cls_mean+cls_std+head_entropy+diag_mean,5,112,AE,3,0.8246084732014726,0.0013529248722782133,0.3291308652378364,0.006671598346234703,1.327987273534139,1,0,1,1,1,0,1
cls_token_pca+cls_mean+cls_std+head_entropy+diag_mean,5,112,VAE,3,0.7700754975978037,0.005107036465067136,0.2551200192974084,0.009436272382917778,4.561146020889282,1,0,1,1,1,0,1
cls_token_pca+cls_mean+cls_std+head_entropy+diag_mean,5,112,LUNAR,1,0.8895925625506956,0.0,0.48505763792591694,0.0,1.0888352394104004,1,0,1,1,1,0,1
cls_token_pca+cls_max+cls_std+head_entropy+diag_mean,5,112,LOF,1,0.8398327821800711,0.0,0.35192097295543895,0.0,0.014516830444335938,0,1,1,1,1,0,1
cls_token_pca+cls_max+cls_std+head_entropy+diag_mean,5,112,DeepSVDD,3,0.6111665730746032,0.015589197288487448,0.160247268943021,0.017855425617859036,1.2525482177734375,0,1,1,1,1,0,1
cls_token_pca+cls_max+cls_std+head_entropy+diag_mean,5,112,ECOD,1,0.6708367130467335,0.0,0.1579077915040646,0.0,0.031397104263305664,0,1,1,1,1,0,1
cls_token_pca+cls_max+cls_std+head_entropy+diag_mean,5,112,IForest,3,0.7161456708471122,0.020782626574969765,0.20151655894718204,0.014921711148387815,0.15282336870829263,0,1,1,1,1,0,1
cls_token_pca+cls_max+cls_std+head_entropy+diag_mean,5,112,SO-GAAL,1,0.5670275160666376,0.0,0.16494761111489237,0.0,0.6190614700317383,0,1,1,1,1,0,1
cls_token_pca+cls_max+cls_std+head_entropy+diag_mean,5,112,AE,3,0.8075955159002518,0.0012863839461032245,0.28758040509473815,0.003011606593822591,1.1434285640716553,0,1,1,1,1,0,1
cls_token_pca+cls_max+cls_std+head_entropy+diag_mean,5,112,VAE,3,0.7401988311391193,0.014915714401946107,0.21776162537402066,0.01609522451555555,4.562386989593506,0,1,1,1,1,0,1
cls_token_pca+cls_max+cls_std+head_entropy+diag_mean,5,112,LUNAR,1,0.8753353715604917,0.0,0.43940177445901857,0.0,1.0528292655944824,0,1,1,1,1,0,1
cls_token_pca+cls_mean+cls_max+cls_std+head_entropy+diag_mean,6,124,LOF,1,0.8307231546764835,0.0,0.34651531742740127,0.0,0.015068769454956055,1,1,1,1,1,0,1
cls_token_pca+cls_mean+cls_max+cls_std+head_entropy+diag_mean,6,124,DeepSVDD,3,0.5683534036313721,0.04234485159122484,0.1320854421545166,0.014366938746664545,1.2631369431813557,1,1,1,1,1,0,1
cls_token_pca+cls_mean+cls_max+cls_std+head_entropy+diag_mean,6,124,ECOD,1,0.6517439321145567,0.0,0.14595732868208322,0.0,0.032460689544677734,1,1,1,1,1,0,1
cls_token_pca+cls_mean+cls_max+cls_std+head_entropy+diag_mean,6,124,IForest,3,0.7104677523346021,0.0029017825710122673,0.17711835845862942,0.006831508834966291,0.14143856366475424,1,1,1,1,1,0,1
cls_token_pca+cls_mean+cls_max+cls_std+head_entropy+diag_mean,6,124,SO-GAAL,1,0.5228052661134335,0.0,0.12181409272333923,0.0,0.5237421989440918,1,1,1,1,1,0,1
cls_token_pca+cls_mean+cls_max+cls_std+head_entropy+diag_mean,6,124,AE,3,0.7958237141490402,0.002200144748231445,0.2714423205670694,0.002410276874087731,1.1818437576293945,1,1,1,1,1,0,1
cls_token_pca+cls_mean+cls_max+cls_std+head_entropy+diag_mean,6,124,VAE,3,0.7483829371269316,0.005894805045639909,0.23037401656672363,0.008573178232188321,4.56274938583374,1,1,1,1,1,0,1
cls_token_pca+cls_mean+cls_max+cls_std+head_entropy+diag_mean,6,124,LUNAR,1,0.8685967429961938,0.0,0.4190602791968178,0.0,1.0479736328125,1,1,1,1,1,0,1
